############ R2: DIFFICULT (384-step episodes, 4M steps, warm-start) ############
Warp 1.14.0 initialized:
   CUDA Toolkit 12.9, Driver 13.2
   Devices:
     "cpu"      : "x86_64"
     "cuda:0"   : "NVIDIA GeForce RTX 4080 Laptop GPU" (12 GiB, sm_89, mempool enabled)
   Kernel cache:
     /root/.cache/warp/1.14.0
Module env.world_warp e132c61 load on device 'cuda:0' took 0.53 ms  (cached)
[init-ckpt] warm-started from runs/v10_easy_20260724_073601/final.pt (iter=244, missing=0 unexpected=0)
[evalsuite] multi-split: ['complex']
[train] iters=488  steps/iter=8192  total≈3,997,696
[it    1/488] ep_end= 99.2%(ended= 11)  pg=+0.0065  v=0.0260  ent=1.157  kl=+0.0740  clip=44.0%  redun=0.61 stall=0% pair=0.15 sync=+0.0021(8.2/k) ownGap=0.126 sps=81(81avg)
[it    2/488] ep_end= 81.8%(ended= 31)  pg=+0.0030  v=0.0230  ent=0.980  kl=+0.0421  clip=28.8%  redun=0.47 stall=0% pair=0.22 sync=+0.0013(3.8/k) ownGap=0.176 sps=101(90avg)
[it    3/488] ep_end= 90.2%(ended= 39)  pg=+0.0012  v=0.0161  ent=0.884  kl=+0.0190  clip=18.0%  redun=0.51 stall=0% pair=0.23 sync=+0.0038(7.0/k) ownGap=0.177 sps=89(90avg)
[it    4/488] ep_end= 95.8%(ended= 27)  pg=-0.0055  v=0.0078  ent=0.821  kl=+0.0273  clip=18.1%  redun=0.48 stall=0% pair=0.23 sync=+0.0031(5.7/k) ownGap=0.169 sps=92(90avg)
[it    5/488] ep_end= 86.9%(ended= 35)  pg=-0.0060  v=0.0079  ent=0.845  kl=+0.0167  clip=15.6%  redun=0.47 stall=0% pair=0.23 sync=+0.0033(4.2/k) ownGap=0.181 sps=82(88avg)
[it    6/488] ep_end= 89.0%(ended= 33)  pg=-0.0074  v=0.0073  ent=0.840  kl=+0.0172  clip=15.6%  redun=0.48 stall=0% pair=0.23 sync=+0.0021(5.2/k) ownGap=0.189 sps=32(69avg)
[it    7/488] ep_end= 95.3%(ended= 38)  pg=-0.0087  v=0.0092  ent=0.857  kl=+0.0235  clip=17.1%  redun=0.54 stall=0% pair=0.20 sync=+0.0027(6.7/k) ownGap=0.159 sps=86(71avg)
[it    8/488] ep_end= 92.3%(ended= 38)  pg=-0.0060  v=0.0054  ent=0.776  kl=+0.0270  clip=17.3%  redun=0.53 stall=0% pair=0.23 sync=+0.0025(5.5/k) ownGap=0.154 sps=93(73avg)
[it    9/488] ep_end= 89.1%(ended= 31)  pg=-0.0069  v=0.0071  ent=0.803  kl=+0.0213  clip=18.0%  redun=0.50 stall=0% pair=0.25 sync=+0.0036(4.8/k) ownGap=0.162 sps=85(74avg)
[it   10/488] ep_end= 88.5%(ended= 29)  pg=+0.0011  v=0.0061  ent=0.806  kl=+0.0365  clip=20.5%  redun=0.42 stall=0% pair=0.29 sync=+0.0037(3.5/k) ownGap=0.190 sps=70(74avg)
[trace] auto_it0010  steps=512  explored=0.7482  → runs/v11_R2_20260727_155116/traces/auto_it0010
[inspector] auto trace captured (it=10) → inspector unlocked
[evalsuite it=  10] score=-0.028±0.203  auc=0.377  imbN=0.315  fair=0.886  conc=0.27  idle=0.76  ov=0.23  duty=0.12  succ=0.00  s90=384  nSync=1.6  syncGap=0.172  ownAUC=0.252  scoreOwn=-0.153
[ckpt] runs/v11_R2_20260727_155116/ckpt_best.pt
[best] new best eval/score=-0.028 at it=10 → ckpt_best.pt
[it   11/488] ep_end= 85.7%(ended= 30)  pg=-0.0078  v=0.0104  ent=0.873  kl=+0.0126  clip=16.3%  redun=0.52 stall=0% pair=0.23 sync=+0.0027(5.0/k) ownGap=0.177 sps=73(74avg)
[it   12/488] ep_end= 94.3%(ended= 34)  pg=-0.0053  v=0.0143  ent=0.835  kl=+0.0199  clip=17.9%  redun=0.51 stall=0% pair=0.21 sync=+0.0022(5.5/k) ownGap=0.178 sps=92(75avg)
[it   13/488] ep_end= 92.0%(ended= 36)  pg=-0.0079  v=0.0091  ent=0.816  kl=+0.0193  clip=16.4%  redun=0.44 stall=0% pair=0.22 sync=+0.0028(5.1/k) ownGap=0.200 sps=91(76avg)
[it   14/488] ep_end= 93.2%(ended= 38)  pg=-0.0082  v=0.0085  ent=0.793  kl=+0.0226  clip=17.5%  redun=0.52 stall=0% pair=0.22 sync=+0.0031(5.6/k) ownGap=0.168 sps=70(75avg)
[it   15/488] ep_end= 91.8%(ended= 35)  pg=-0.0032  v=0.0139  ent=0.796  kl=+0.0226  clip=17.9%  redun=0.52 stall=0% pair=0.22 sync=+0.0043(5.4/k) ownGap=0.174 sps=89(76avg)
[it   16/488] ep_end= 92.2%(ended= 30)  pg=-0.0064  v=0.0171  ent=0.813  kl=+0.0209  clip=17.9%  redun=0.58 stall=0% pair=0.22 sync=+0.0019(6.7/k) ownGap=0.150 sps=74(76avg)
[it   17/488] ep_end= 87.8%(ended= 28)  pg=-0.0067  v=0.0080  ent=0.758  kl=+0.0270  clip=17.9%  redun=0.52 stall=0% pair=0.25 sync=+0.0038(4.2/k) ownGap=0.150 sps=92(77avg)
[it   18/488] ep_end= 87.0%(ended= 34)  pg=-0.0067  v=0.0113  ent=0.741  kl=+0.0252  clip=16.6%  redun=0.51 stall=0% pair=0.24 sync=+0.0032(4.9/k) ownGap=0.169 sps=55(75avg)
[it   19/488] ep_end= 92.6%(ended= 33)  pg=-0.0079  v=0.0118  ent=0.790  kl=+0.0247  clip=17.4%  redun=0.57 stall=0% pair=0.22 sync=+0.0030(7.1/k) ownGap=0.157 sps=31(70avg)
[it   20/488] ep_end= 93.0%(ended= 36)  pg=-0.0037  v=0.0093  ent=0.737  kl=+0.0327  clip=18.8%  redun=0.57 stall=0% pair=0.20 sync=+0.0042(6.2/k) ownGap=0.157 sps=70(70avg)
[evalsuite it=  20] score=+0.033±0.148  auc=0.417  imbN=0.313  fair=0.895  conc=0.31  idle=0.73  ov=0.17  duty=0.08  succ=0.00  s90=382  nSync=1.6  syncGap=0.136  ownAUC=0.291  scoreOwn=-0.093
[ckpt] runs/v11_R2_20260727_155116/ckpt_best.pt
[best] new best eval/score=+0.033 at it=20 → ckpt_best.pt
[it   21/488] ep_end= 94.0%(ended= 31)  pg=-0.0045  v=0.0090  ent=0.706  kl=+0.0464  clip=18.2%  redun=0.52 stall=0% pair=0.23 sync=+0.0038(5.4/k) ownGap=0.165 sps=93(71avg)
[it   22/488] ep_end= 86.2%(ended= 36)  pg=-0.0025  v=0.0085  ent=0.699  kl=+0.0361  clip=17.9%  redun=0.54 stall=0% pair=0.23 sync=+0.0032(4.6/k) ownGap=0.161 sps=93(71avg)
[it   23/488] ep_end= 91.3%(ended= 31)  pg=-0.0066  v=0.0080  ent=0.710  kl=+0.0302  clip=17.0%  redun=0.51 stall=0% pair=0.24 sync=+0.0040(5.0/k) ownGap=0.164 sps=92(72avg)
[it   24/488] ep_end= 87.2%(ended= 35)  pg=+0.0008  v=0.0095  ent=0.707  kl=+0.0394  clip=19.1%  redun=0.52 stall=0% pair=0.22 sync=+0.0049(6.2/k) ownGap=0.174 sps=89(73avg)
[it   25/488] ep_end= 92.8%(ended= 31)  pg=-0.0049  v=0.0111  ent=0.746  kl=+0.0315  clip=18.3%  redun=0.49 stall=0% pair=0.24 sync=+0.0024(5.9/k) ownGap=0.187 sps=71(73avg)
[it   26/488] ep_end= 94.5%(ended= 37)  pg=+0.0008  v=0.0107  ent=0.727  kl=+0.0436  clip=20.4%  redun=0.49 stall=0% pair=0.22 sync=+0.0036(6.2/k) ownGap=0.179 sps=55(72avg)
[it   27/488] ep_end= 88.8%(ended= 36)  pg=+0.0016  v=0.0101  ent=0.739  kl=+0.0429  clip=20.6%  redun=0.49 stall=0% pair=0.24 sync=+0.0031(4.4/k) ownGap=0.181 sps=91(72avg)
[it   28/488] ep_end= 87.1%(ended= 25)  pg=-0.0073  v=0.0105  ent=0.753  kl=+0.0302  clip=17.7%  redun=0.51 stall=0% pair=0.24 sync=+0.0024(5.1/k) ownGap=0.166 sps=90(73avg)
[it   29/488] ep_end= 85.4%(ended= 33)  pg=-0.0086  v=0.0113  ent=0.816  kl=+0.0224  clip=17.5%  redun=0.50 stall=0% pair=0.23 sync=+0.0033(5.1/k) ownGap=0.186 sps=92(73avg)
[it   30/488] ep_end= 93.0%(ended= 34)  pg=-0.0080  v=0.0182  ent=0.776  kl=+0.0299  clip=18.6%  redun=0.51 stall=0% pair=0.24 sync=+0.0031(6.7/k) ownGap=0.164 sps=90(74avg)
[evalsuite it=  30] score=-0.031±0.196  auc=0.392  imbN=0.312  fair=0.891  conc=0.27  idle=0.77  ov=0.30  duty=0.15  succ=0.00  s90=384  nSync=3.0  syncGap=0.101  ownAUC=0.298  scoreOwn=-0.124
[it   31/488] ep_end= 90.0%(ended= 37)  pg=+0.0095  v=0.0128  ent=0.763  kl=+0.1004  clip=23.3%  redun=0.51 stall=0% pair=0.22 sync=+0.0028(5.6/k) ownGap=0.174 sps=88(74avg)
[it   32/488] ep_end= 95.4%(ended= 43)  pg=+0.0105  v=0.0120  ent=0.781  kl=+0.1333  clip=21.9%  redun=0.53 stall=0% pair=0.21 sync=+0.0032(5.7/k) ownGap=0.162 sps=36(72avg)
[it   33/488] ep_end= 86.0%(ended= 30)  pg=-0.0058  v=0.0079  ent=0.717  kl=+0.0276  clip=13.8%  redun=0.48 stall=0% pair=0.24 sync=+0.0020(3.9/k) ownGap=0.173 sps=50(71avg)
[it   34/488] ep_end= 91.7%(ended= 33)  pg=-0.0043  v=0.0079  ent=0.735  kl=+0.0312  clip=16.3%  redun=0.48 stall=0% pair=0.24 sync=+0.0038(6.2/k) ownGap=0.171 sps=93(71avg)
[it   35/488] ep_end= 86.1%(ended= 28)  pg=-0.0046  v=0.0063  ent=0.725  kl=+0.0297  clip=17.1%  redun=0.45 stall=0% pair=0.27 sync=+0.0033(4.9/k) ownGap=0.187 sps=37(70avg)
[it   36/488] ep_end= 86.0%(ended= 31)  pg=-0.0078  v=0.0111  ent=0.810  kl=+0.0247  clip=17.7%  redun=0.50 stall=0% pair=0.23 sync=+0.0034(5.1/k) ownGap=0.169 sps=39(68avg)
[it   37/488] ep_end= 87.9%(ended= 36)  pg=-0.0089  v=0.0154  ent=0.800  kl=+0.0140  clip=15.9%  redun=0.51 stall=0% pair=0.23 sync=+0.0025(5.5/k) ownGap=0.176 sps=94(69avg)
[it   38/488] ep_end= 94.6%(ended= 29)  pg=-0.0075  v=0.0130  ent=0.822  kl=+0.0165  clip=16.6%  redun=0.48 stall=0% pair=0.24 sync=+0.0036(5.5/k) ownGap=0.179 sps=91(69avg)
[it   39/488] ep_end= 87.9%(ended= 33)  pg=-0.0063  v=0.0091  ent=0.782  kl=+0.0353  clip=18.3%  redun=0.47 stall=0% pair=0.22 sync=+0.0035(4.9/k) ownGap=0.187 sps=93(69avg)
[it   40/488] ep_end= 86.5%(ended= 28)  pg=-0.0072  v=0.0144  ent=0.790  kl=+0.0243  clip=16.5%  redun=0.53 stall=0% pair=0.24 sync=+0.0019(3.5/k) ownGap=0.161 sps=93(70avg)
[evalsuite it=  40] score=-0.078±0.189  auc=0.347  imbN=0.312  fair=0.887  conc=0.21  idle=0.79  ov=0.29  duty=0.16  succ=0.00  s90=384  nSync=2.4  syncGap=0.140  ownAUC=0.251  scoreOwn=-0.174
[it   41/488] ep_end= 86.1%(ended= 31)  pg=-0.0080  v=0.0114  ent=0.768  kl=+0.0317  clip=17.0%  redun=0.51 stall=0% pair=0.24 sync=+0.0027(4.8/k) ownGap=0.173 sps=92(70avg)
[it   42/488] ep_end= 89.1%(ended= 34)  pg=+0.0036  v=0.0109  ent=0.746  kl=+0.0663  clip=20.1%  redun=0.49 stall=0% pair=0.22 sync=+0.0031(5.4/k) ownGap=0.175 sps=88(71avg)
[it   43/488] ep_end= 92.8%(ended= 32)  pg=-0.0049  v=0.0128  ent=0.758  kl=+0.0346  clip=16.3%  redun=0.47 stall=0% pair=0.23 sync=+0.0031(4.3/k) ownGap=0.200 sps=88(71avg)
[it   44/488] ep_end= 90.8%(ended= 35)  pg=+0.0116  v=0.0120  ent=0.726  kl=+0.1096  clip=24.4%  redun=0.48 stall=0% pair=0.23 sync=+0.0021(3.9/k) ownGap=0.171 sps=92(71avg)
[it   45/488] ep_end= 86.2%(ended= 32)  pg=-0.0084  v=0.0069  ent=0.663  kl=+0.0205  clip=13.6%  redun=0.49 stall=0% pair=0.26 sync=+0.0027(4.5/k) ownGap=0.176 sps=87(72avg)
[it   46/488] ep_end= 90.7%(ended= 29)  pg=-0.0067  v=0.0065  ent=0.717  kl=+0.0265  clip=15.3%  redun=0.48 stall=0% pair=0.27 sync=+0.0040(4.6/k) ownGap=0.183 sps=91(72avg)
[it   47/488] ep_end= 89.4%(ended= 33)  pg=-0.0013  v=0.0076  ent=0.726  kl=+0.0439  clip=19.1%  redun=0.52 stall=0% pair=0.24 sync=+0.0041(4.6/k) ownGap=0.156 sps=92(72avg)
[it   48/488] ep_end= 88.2%(ended= 31)  pg=-0.0050  v=0.0077  ent=0.689  kl=+0.0278  clip=15.1%  redun=0.49 stall=0% pair=0.24 sync=+0.0040(4.2/k) ownGap=0.177 sps=83(73avg)
[it   49/488] ep_end= 93.6%(ended= 41)  pg=-0.0021  v=0.0105  ent=0.699  kl=+0.0344  clip=15.4%  redun=0.45 stall=0% pair=0.25 sync=+0.0041(5.1/k) ownGap=0.196 sps=89(73avg)
[it   50/488] ep_end= 94.3%(ended= 32)  pg=-0.0066  v=0.0114  ent=0.717  kl=+0.0267  clip=16.2%  redun=0.47 stall=0% pair=0.25 sync=+0.0021(4.2/k) ownGap=0.177 sps=69(73avg)
[evalsuite it=  50] score=+0.001±0.168  auc=0.402  imbN=0.288  fair=0.902  conc=0.28  idle=0.75  ov=0.28  duty=0.15  succ=0.00  s90=384  nSync=2.5  syncGap=0.131  ownAUC=0.297  scoreOwn=-0.105
[it   51/488] ep_end= 89.6%(ended= 37)  pg=-0.0012  v=0.0087  ent=0.699  kl=+0.0400  clip=17.6%  redun=0.53 stall=0% pair=0.23 sync=+0.0043(6.1/k) ownGap=0.161 sps=48(72avg)
[it   52/488] ep_end= 92.5%(ended= 32)  pg=+0.0145  v=0.0154  ent=0.658  kl=+0.0900  clip=20.3%  redun=0.46 stall=0% pair=0.27 sync=+0.0025(4.8/k) ownGap=0.184 sps=48(71avg)
[it   53/488] ep_end= 88.2%(ended= 31)  pg=-0.0038  v=0.0081  ent=0.773  kl=+0.0286  clip=15.7%  redun=0.47 stall=0% pair=0.25 sync=+0.0020(3.7/k) ownGap=0.194 sps=36(70avg)
[it   54/488] ep_end= 87.5%(ended= 27)  pg=+0.0281  v=0.0217  ent=0.864  kl=+0.1611  clip=26.8%  redun=0.56 stall=0% pair=0.22 sync=+0.0031(5.6/k) ownGap=0.156 sps=89(70avg)
[it   55/488] ep_end= 88.5%(ended= 27)  pg=+0.0104  v=0.0892  ent=1.099  kl=+0.0467  clip=33.4%  redun=0.70 stall=0% pair=0.16 sync=+0.0033(11.2/k) ownGap=0.107 sps=89(71avg)
[it   56/488] ep_end= 80.3%(ended= 30)  pg=-0.0073  v=0.1069  ent=1.124  kl=+0.0134  clip=17.7%  redun=0.81 stall=1% pair=0.12 sync=+0.0020(13.2/k) ownGap=0.074 sps=80(71avg)
[it   57/488] ep_end= 93.5%(ended= 26)  pg=-0.0075  v=0.0330  ent=1.066  kl=+0.0111  clip=17.5%  redun=0.80 stall=0% pair=0.12 sync=+0.0026(14.8/k) ownGap=0.060 sps=89(71avg)
[it   58/488] ep_end= 75.7%(ended= 27)  pg=-0.0118  v=0.0143  ent=1.032  kl=+0.0114  clip=17.2%  redun=0.81 stall=0% pair=0.13 sync=+0.0031(14.0/k) ownGap=0.045 sps=89(71avg)
[it   59/488] ep_end= 73.5%(ended= 23)  pg=-0.0106  v=0.0111  ent=0.971  kl=+0.0123  clip=15.5%  redun=0.75 stall=0% pair=0.15 sync=+0.0022(10.9/k) ownGap=0.072 sps=89(71avg)
[it   60/488] ep_end= 86.9%(ended= 31)  pg=-0.0080  v=0.0155  ent=0.918  kl=+0.0183  clip=15.5%  redun=0.79 stall=0% pair=0.14 sync=+0.0025(11.8/k) ownGap=0.069 sps=87(72avg)
[evalsuite it=  60] score=-0.002±0.203  auc=0.360  imbN=0.195  fair=0.942  conc=0.30  idle=0.72  ov=0.34  duty=0.21  succ=0.00  s90=384  nSync=3.0  syncGap=0.103  ownAUC=0.291  scoreOwn=-0.070
[it   61/488] ep_end= 84.3%(ended= 26)  pg=-0.0097  v=0.0092  ent=0.888  kl=+0.0158  clip=15.1%  redun=0.67 stall=0% pair=0.18 sync=+0.0028(8.7/k) ownGap=0.112 sps=65(72avg)
[it   62/488] ep_end= 90.1%(ended= 37)  pg=-0.0088  v=0.0098  ent=0.882  kl=+0.0261  clip=19.1%  redun=0.63 stall=0% pair=0.18 sync=+0.0029(9.2/k) ownGap=0.126 sps=89(72avg)
[it   63/488] ep_end= 90.1%(ended= 33)  pg=-0.0046  v=0.0136  ent=0.891  kl=+0.0250  clip=18.9%  redun=0.64 stall=0% pair=0.18 sync=+0.0034(8.4/k) ownGap=0.124 sps=90(72avg)
[it   64/488] ep_end= 88.0%(ended= 31)  pg=-0.0112  v=0.0092  ent=0.879  kl=+0.0183  clip=17.1%  redun=0.64 stall=0% pair=0.20 sync=+0.0026(8.1/k) ownGap=0.112 sps=90(72avg)
[it   65/488] ep_end= 89.1%(ended= 31)  pg=-0.0068  v=0.0088  ent=0.874  kl=+0.0207  clip=16.5%  redun=0.63 stall=0% pair=0.19 sync=+0.0038(8.5/k) ownGap=0.114 sps=83(72avg)
[it   66/488] ep_end= 86.7%(ended= 37)  pg=-0.0098  v=0.0097  ent=0.895  kl=+0.0181  clip=19.0%  redun=0.62 stall=0% pair=0.19 sync=+0.0031(9.8/k) ownGap=0.119 sps=59(72avg)
[it   67/488] ep_end= 92.2%(ended= 31)  pg=-0.0070  v=0.0102  ent=0.883  kl=+0.0244  clip=20.0%  redun=0.63 stall=0% pair=0.20 sync=+0.0037(8.2/k) ownGap=0.119 sps=87(72avg)
[it   68/488] ep_end= 91.0%(ended= 36)  pg=-0.0079  v=0.0087  ent=0.828  kl=+0.0248  clip=18.8%  redun=0.59 stall=0% pair=0.20 sync=+0.0034(7.8/k) ownGap=0.137 sps=88(73avg)
[it   69/488] ep_end= 89.2%(ended= 33)  pg=-0.0056  v=0.0108  ent=0.847  kl=+0.0211  clip=17.6%  redun=0.56 stall=0% pair=0.22 sync=+0.0026(5.0/k) ownGap=0.153 sps=92(73avg)
[it   70/488] ep_end= 92.4%(ended= 31)  pg=-0.0085  v=0.0103  ent=0.824  kl=+0.0216  clip=16.3%  redun=0.53 stall=0% pair=0.22 sync=+0.0029(5.7/k) ownGap=0.157 sps=92(73avg)
[evalsuite it=  70] score=+0.010±0.200  auc=0.378  imbN=0.272  fair=0.905  conc=0.29  idle=0.74  ov=0.19  duty=0.09  succ=0.00  s90=384  nSync=1.7  syncGap=0.161  ownAUC=0.251  scoreOwn=-0.118
[it   71/488] ep_end= 88.4%(ended= 36)  pg=-0.0047  v=0.0088  ent=0.858  kl=+0.0253  clip=20.8%  redun=0.57 stall=0% pair=0.21 sync=+0.0029(6.2/k) ownGap=0.137 sps=95(73avg)
[it   72/488] ep_end= 90.0%(ended= 33)  pg=-0.0087  v=0.0115  ent=0.903  kl=+0.0191  clip=18.7%  redun=0.54 stall=0% pair=0.20 sync=+0.0021(5.7/k) ownGap=0.167 sps=93(73avg)
[it   73/488] ep_end= 90.1%(ended= 33)  pg=-0.0078  v=0.0190  ent=0.831  kl=+0.0675  clip=17.5%  redun=0.54 stall=0% pair=0.21 sync=+0.0036(6.1/k) ownGap=0.162 sps=92(74avg)
[it   74/488] ep_end= 92.1%(ended= 34)  pg=-0.0079  v=0.0124  ent=0.819  kl=+0.0228  clip=17.9%  redun=0.54 stall=0% pair=0.23 sync=+0.0027(7.1/k) ownGap=0.161 sps=93(74avg)
[it   75/488] ep_end= 88.2%(ended= 32)  pg=-0.0041  v=0.0139  ent=0.795  kl=+0.0257  clip=19.1%  redun=0.53 stall=0% pair=0.26 sync=+0.0043(5.7/k) ownGap=0.145 sps=93(74avg)
[it   76/488] ep_end= 85.0%(ended= 37)  pg=-0.0069  v=0.0081  ent=0.774  kl=+0.0248  clip=17.2%  redun=0.48 stall=0% pair=0.23 sync=+0.0024(5.1/k) ownGap=0.171 sps=92(74avg)
[it   77/488] ep_end= 90.8%(ended= 31)  pg=-0.0086  v=0.0085  ent=0.748  kl=+0.0237  clip=16.8%  redun=0.54 stall=0% pair=0.23 sync=+0.0031(6.5/k) ownGap=0.156 sps=89(74avg)
[it   78/488] ep_end= 87.9%(ended= 37)  pg=-0.0065  v=0.0078  ent=0.808  kl=+0.0345  clip=20.3%  redun=0.61 stall=0% pair=0.21 sync=+0.0035(7.0/k) ownGap=0.126 sps=90(75avg)
[it   79/488] ep_end= 92.8%(ended= 32)  pg=-0.0026  v=0.0074  ent=0.748  kl=+0.0372  clip=19.9%  redun=0.55 stall=0% pair=0.23 sync=+0.0029(5.7/k) ownGap=0.151 sps=85(75avg)
[it   80/488] ep_end= 91.0%(ended= 36)  pg=-0.0037  v=0.0084  ent=0.787  kl=+0.0265  clip=17.1%  redun=0.52 stall=0% pair=0.21 sync=+0.0026(6.1/k) ownGap=0.190 sps=91(75avg)
[evalsuite it=  80] score=+0.047±0.182  auc=0.396  imbN=0.257  fair=0.915  conc=0.30  idle=0.71  ov=0.17  duty=0.07  succ=0.00  s90=384  nSync=1.3  syncGap=0.199  ownAUC=0.275  scoreOwn=-0.074
[ckpt] runs/v11_R2_20260727_155116/ckpt_best.pt
[best] new best eval/score=+0.047 at it=80 → ckpt_best.pt
[it   81/488] ep_end= 94.6%(ended= 43)  pg=-0.0012  v=0.0099  ent=0.809  kl=+0.0437  clip=19.8%  redun=0.57 stall=0% pair=0.19 sync=+0.0030(6.3/k) ownGap=0.163 sps=91(75avg)
[it   82/488] ep_end= 89.8%(ended= 29)  pg=-0.0040  v=0.0073  ent=0.794  kl=+0.0316  clip=19.6%  redun=0.57 stall=0% pair=0.20 sync=+0.0038(7.0/k) ownGap=0.148 sps=93(75avg)
[it   83/488] ep_end= 88.8%(ended= 30)  pg=-0.0063  v=0.0055  ent=0.806  kl=+0.0327  clip=19.9%  redun=0.52 stall=0% pair=0.23 sync=+0.0023(4.6/k) ownGap=0.165 sps=94(75avg)
[it   84/488] ep_end= 87.9%(ended= 31)  pg=-0.0082  v=0.0081  ent=0.809  kl=+0.0207  clip=17.2%  redun=0.52 stall=0% pair=0.23 sync=+0.0029(5.6/k) ownGap=0.171 sps=93(76avg)
[it   85/488] ep_end= 87.6%(ended= 26)  pg=-0.0063  v=0.0143  ent=0.843  kl=+0.0119  clip=15.5%  redun=0.49 stall=0% pair=0.25 sync=+0.0024(4.2/k) ownGap=0.184 sps=94(76avg)
[it   86/488] ep_end= 88.6%(ended= 30)  pg=-0.0055  v=0.0184  ent=0.800  kl=+0.0318  clip=18.9%  redun=0.47 stall=0% pair=0.26 sync=+0.0018(3.7/k) ownGap=0.188 sps=93(76avg)
[it   87/488] ep_end= 87.3%(ended= 35)  pg=-0.0033  v=0.0224  ent=0.748  kl=+0.0212  clip=17.3%  redun=0.52 stall=0% pair=0.23 sync=+0.0036(5.1/k) ownGap=0.162 sps=93(76avg)
[it   88/488] ep_end= 91.9%(ended= 28)  pg=-0.0027  v=0.0100  ent=0.754  kl=+0.0353  clip=18.3%  redun=0.51 stall=0% pair=0.24 sync=+0.0022(4.5/k) ownGap=0.165 sps=90(76avg)
[it   89/488] ep_end= 89.9%(ended= 35)  pg=-0.0075  v=0.0202  ent=0.755  kl=+0.0145  clip=15.6%  redun=0.48 stall=0% pair=0.23 sync=+0.0034(4.9/k) ownGap=0.191 sps=94(76avg)
[it   90/488] ep_end= 90.0%(ended= 35)  pg=-0.0010  v=0.0118  ent=0.729  kl=+0.0414  clip=19.0%  redun=0.48 stall=0% pair=0.24 sync=+0.0026(4.5/k) ownGap=0.177 sps=58(76avg)
[evalsuite it=  90] score=+0.009±0.161  auc=0.377  imbN=0.280  fair=0.904  conc=0.30  idle=0.73  ov=0.18  duty=0.09  succ=0.00  s90=384  nSync=1.6  syncGap=0.162  ownAUC=0.254  scoreOwn=-0.115
[it   91/488] ep_end= 91.1%(ended= 30)  pg=-0.0035  v=0.0088  ent=0.725  kl=+0.0363  clip=19.4%  redun=0.47 stall=0% pair=0.24 sync=+0.0029(5.0/k) ownGap=0.164 sps=40(75avg)
[it   92/488] ep_end= 83.8%(ended= 33)  pg=-0.0048  v=0.0127  ent=0.764  kl=+0.0210  clip=18.6%  redun=0.47 stall=0% pair=0.25 sync=+0.0026(4.2/k) ownGap=0.198 sps=93(75avg)
[it   93/488] ep_end= 90.7%(ended= 32)  pg=-0.0044  v=0.0162  ent=0.748  kl=+0.0310  clip=18.4%  redun=0.49 stall=0% pair=0.23 sync=+0.0029(5.0/k) ownGap=0.187 sps=94(76avg)
[it   94/488] ep_end= 89.6%(ended= 28)  pg=-0.0065  v=0.0248  ent=0.792  kl=+0.0242  clip=17.5%  redun=0.58 stall=0% pair=0.22 sync=+0.0026(6.1/k) ownGap=0.143 sps=70(76avg)
[it   95/488] ep_end= 86.9%(ended= 33)  pg=-0.0007  v=0.0194  ent=0.728  kl=+0.0445  clip=20.2%  redun=0.55 stall=0% pair=0.23 sync=+0.0031(5.1/k) ownGap=0.158 sps=86(76avg)
[it   96/488] ep_end= 90.2%(ended= 28)  pg=-0.0055  v=0.0119  ent=0.644  kl=+0.0333  clip=16.6%  redun=0.47 stall=0% pair=0.25 sync=+0.0032(4.4/k) ownGap=0.178 sps=96(76avg)
[it   97/488] ep_end= 88.9%(ended= 35)  pg=-0.0020  v=0.0143  ent=0.676  kl=+0.0406  clip=16.9%  redun=0.47 stall=0% pair=0.23 sync=+0.0051(5.9/k) ownGap=0.186 sps=78(76avg)
[it   98/488] ep_end= 89.7%(ended= 31)  pg=-0.0052  v=0.0142  ent=0.699  kl=+0.0334  clip=17.7%  redun=0.50 stall=0% pair=0.24 sync=+0.0031(4.8/k) ownGap=0.169 sps=92(76avg)
[ckpt] runs/v11_R2_20260727_155116/ckpt_020.pt
[eval] runs/v11_R2_20260727_155116/eval_ckpt_020_m0.gif  map=425  final_explored=31.5%  frames=512
[trace] ckpt_020_m0  steps=512  explored=0.5284  → runs/v11_R2_20260727_155116/traces/ckpt_020_m0
[eval] runs/v11_R2_20260727_155116/eval_ckpt_020_m1.gif  map=318  final_explored=51.8%  frames=512
[trace] ckpt_020_m1  steps=512  explored=0.5181  → runs/v11_R2_20260727_155116/traces/ckpt_020_m1
[it   99/488] ep_end= 92.3%(ended= 33)  pg=+0.0002  v=0.0095  ent=0.638  kl=+0.0554  clip=18.3%  redun=0.49 stall=0% pair=0.23 sync=+0.0044(4.9/k) ownGap=0.180 sps=95(76avg)
[it  100/488] ep_end= 92.3%(ended= 41)  pg=-0.0035  v=0.0135  ent=0.698  kl=+0.0368  clip=17.2%  redun=0.51 stall=0% pair=0.23 sync=+0.0033(4.6/k) ownGap=0.185 sps=92(76avg)
[evalsuite it= 100] score=-0.127±0.249  auc=0.323  imbN=0.385  fair=0.847  conc=0.19  idle=0.82  ov=0.21  duty=0.11  succ=0.00  s90=384  nSync=1.3  syncGap=0.175  ownAUC=0.206  scoreOwn=-0.243
[it  101/488] ep_end= 94.3%(ended= 35)  pg=-0.0022  v=0.0090  ent=0.711  kl=+0.0464  clip=19.7%  redun=0.56 stall=0% pair=0.21 sync=+0.0049(7.2/k) ownGap=0.146 sps=70(76avg)
[it  102/488] ep_end= 87.6%(ended= 32)  pg=-0.0058  v=0.0094  ent=0.720  kl=+0.0298  clip=18.6%  redun=0.54 stall=0% pair=0.24 sync=+0.0032(5.7/k) ownGap=0.156 sps=59(76avg)
[it  103/488] ep_end= 90.5%(ended= 35)  pg=-0.0066  v=0.0137  ent=0.716  kl=+0.0289  clip=17.4%  redun=0.46 stall=0% pair=0.24 sync=+0.0040(5.0/k) ownGap=0.197 sps=88(76avg)
[it  104/488] ep_end= 91.6%(ended= 34)  pg=+0.0006  v=0.0117  ent=0.800  kl=+0.0401  clip=20.0%  redun=0.54 stall=0% pair=0.22 sync=+0.0029(6.1/k) ownGap=0.164 sps=87(76avg)
[it  105/488] ep_end= 89.9%(ended= 34)  pg=-0.0082  v=0.0106  ent=0.738  kl=+0.0221  clip=13.8%  redun=0.50 stall=0% pair=0.22 sync=+0.0019(4.9/k) ownGap=0.177 sps=88(76avg)
[it  106/488] ep_end= 93.3%(ended= 35)  pg=-0.0044  v=0.0108  ent=0.759  kl=+0.0321  clip=17.9%  redun=0.54 stall=0% pair=0.22 sync=+0.0034(6.3/k) ownGap=0.166 sps=87(76avg)
[it  107/488] ep_end= 92.4%(ended= 39)  pg=-0.0008  v=0.0079  ent=0.735  kl=+0.0397  clip=18.4%  redun=0.45 stall=0% pair=0.23 sync=+0.0022(3.2/k) ownGap=0.200 sps=91(76avg)
[it  108/488] ep_end= 92.1%(ended= 33)  pg=-0.0020  v=0.0315  ent=0.712  kl=+0.0242  clip=17.2%  redun=0.50 stall=0% pair=0.23 sync=+0.0023(4.9/k) ownGap=0.171 sps=88(77avg)
[it  109/488] ep_end= 89.2%(ended= 28)  pg=-0.0022  v=0.0064  ent=0.673  kl=+0.0352  clip=15.2%  redun=0.47 stall=0% pair=0.27 sync=+0.0039(4.2/k) ownGap=0.168 sps=90(77avg)
[it  110/488] ep_end= 89.2%(ended= 34)  pg=-0.0047  v=0.0089  ent=0.731  kl=+0.0387  clip=15.5%  redun=0.47 stall=0% pair=0.24 sync=+0.0027(4.0/k) ownGap=0.181 sps=90(77avg)
[evalsuite it= 110] score=-0.021±0.146  auc=0.362  imbN=0.231  fair=0.933  conc=0.25  idle=0.75  ov=0.32  duty=0.18  succ=0.00  s90=384  nSync=3.3  syncGap=0.091  ownAUC=0.287  scoreOwn=-0.096
[it  111/488] ep_end= 90.3%(ended= 34)  pg=-0.0048  v=0.0124  ent=0.771  kl=+0.0461  clip=16.5%  redun=0.53 stall=0% pair=0.22 sync=+0.0036(6.0/k) ownGap=0.169 sps=93(77avg)
[it  112/488] ep_end= 90.7%(ended= 38)  pg=-0.0000  v=0.0230  ent=0.725  kl=+0.0325  clip=18.2%  redun=0.54 stall=0% pair=0.22 sync=+0.0029(5.6/k) ownGap=0.144 sps=92(77avg)
[it  113/488] ep_end= 85.5%(ended= 27)  pg=-0.0080  v=0.0079  ent=0.731  kl=+0.0271  clip=16.2%  redun=0.54 stall=0% pair=0.24 sync=+0.0046(6.0/k) ownGap=0.159 sps=40(76avg)
[it  114/488] ep_end= 93.5%(ended= 30)  pg=-0.0020  v=0.0089  ent=0.726  kl=+0.0418  clip=18.0%  redun=0.48 stall=0% pair=0.23 sync=+0.0028(5.5/k) ownGap=0.175 sps=88(76avg)
[it  115/488] ep_end= 90.3%(ended= 39)  pg=-0.0075  v=0.0091  ent=0.731  kl=+0.0283  clip=15.2%  redun=0.51 stall=0% pair=0.22 sync=+0.0030(5.4/k) ownGap=0.177 sps=86(77avg)
[it  116/488] ep_end= 94.2%(ended= 31)  pg=-0.0040  v=0.0122  ent=0.747  kl=+0.0501  clip=17.2%  redun=0.55 stall=0% pair=0.21 sync=+0.0030(5.6/k) ownGap=0.178 sps=88(77avg)
[it  117/488] ep_end= 91.4%(ended= 36)  pg=-0.0060  v=0.0076  ent=0.702  kl=+0.0300  clip=16.6%  redun=0.54 stall=0% pair=0.21 sync=+0.0035(6.6/k) ownGap=0.165 sps=38(76avg)
[it  118/488] ep_end= 93.0%(ended= 41)  pg=-0.0079  v=0.0103  ent=0.679  kl=+0.0822  clip=15.5%  redun=0.50 stall=0% pair=0.24 sync=+0.0033(4.9/k) ownGap=0.168 sps=55(76avg)
[it  119/488] ep_end= 89.2%(ended= 34)  pg=-0.0063  v=0.0075  ent=0.719  kl=+0.0381  clip=17.5%  redun=0.46 stall=0% pair=0.24 sync=+0.0044(5.2/k) ownGap=0.189 sps=89(76avg)
[it  120/488] ep_end= 93.0%(ended= 32)  pg=-0.0074  v=0.0070  ent=0.683  kl=+0.0339  clip=15.2%  redun=0.48 stall=0% pair=0.25 sync=+0.0020(3.8/k) ownGap=0.183 sps=34(75avg)
[evalsuite it= 120] score=-0.060±0.204  auc=0.360  imbN=0.308  fair=0.898  conc=0.25  idle=0.77  ov=0.30  duty=0.17  succ=0.00  s90=384  nSync=2.7  syncGap=0.109  ownAUC=0.266  scoreOwn=-0.154
[it  121/488] ep_end= 89.1%(ended= 37)  pg=-0.0046  v=0.0133  ent=0.722  kl=+0.0344  clip=16.3%  redun=0.49 stall=0% pair=0.24 sync=+0.0023(4.8/k) ownGap=0.173 sps=44(75avg)
[it  122/488] ep_end= 91.5%(ended= 28)  pg=-0.0057  v=0.0116  ent=0.714  kl=+0.0224  clip=13.6%  redun=0.47 stall=0% pair=0.26 sync=+0.0025(4.0/k) ownGap=0.175 sps=53(74avg)
[it  123/488] ep_end= 87.3%(ended= 33)  pg=+0.0042  v=0.0079  ent=0.709  kl=+0.0853  clip=19.1%  redun=0.48 stall=0% pair=0.25 sync=+0.0021(3.7/k) ownGap=0.163 sps=94(75avg)
[it  124/488] ep_end= 89.5%(ended= 35)  pg=-0.0027  v=0.0112  ent=0.704  kl=+0.0327  clip=16.4%  redun=0.43 stall=0% pair=0.24 sync=+0.0026(3.7/k) ownGap=0.212 sps=79(75avg)
[it  125/488] ep_end= 91.7%(ended= 32)  pg=-0.0047  v=0.0133  ent=0.722  kl=+0.0283  clip=17.3%  redun=0.49 stall=0% pair=0.24 sync=+0.0027(4.4/k) ownGap=0.184 sps=91(75avg)
[it  126/488] ep_end= 90.2%(ended= 35)  pg=-0.0078  v=0.0112  ent=0.714  kl=+0.0334  clip=16.2%  redun=0.52 stall=0% pair=0.22 sync=+0.0027(4.9/k) ownGap=0.172 sps=94(75avg)
[it  127/488] ep_end= 90.1%(ended= 37)  pg=-0.0107  v=0.0294  ent=0.697  kl=+0.0275  clip=11.7%  redun=0.47 stall=0% pair=0.24 sync=+0.0035(4.8/k) ownGap=0.189 sps=91(75avg)
[it  128/488] ep_end= 96.0%(ended= 37)  pg=-0.0053  v=0.0128  ent=0.723  kl=+0.0389  clip=17.9%  redun=0.52 stall=0% pair=0.21 sync=+0.0033(6.3/k) ownGap=0.170 sps=93(75avg)
[it  129/488] ep_end= 90.0%(ended= 33)  pg=-0.0045  v=0.0092  ent=0.715  kl=+0.0427  clip=17.2%  redun=0.48 stall=0% pair=0.27 sync=+0.0020(3.3/k) ownGap=0.175 sps=94(75avg)
[it  130/488] ep_end= 85.9%(ended= 31)  pg=-0.0069  v=0.0116  ent=0.705  kl=+0.0266  clip=16.0%  redun=0.44 stall=0% pair=0.27 sync=+0.0021(3.2/k) ownGap=0.192 sps=98(75avg)
[evalsuite it= 130] score=-0.011±0.218  auc=0.368  imbN=0.264  fair=0.911  conc=0.25  idle=0.75  ov=0.24  duty=0.13  succ=0.00  s90=384  nSync=2.1  syncGap=0.123  ownAUC=0.259  scoreOwn=-0.120
[it  131/488] ep_end= 91.8%(ended= 32)  pg=-0.0075  v=0.0151  ent=0.788  kl=+0.0303  clip=16.8%  redun=0.43 stall=0% pair=0.23 sync=+0.0027(3.3/k) ownGap=0.218 sps=77(75avg)
[it  132/488] ep_end= 91.9%(ended= 33)  pg=-0.0076  v=0.0172  ent=0.784  kl=+0.0242  clip=17.4%  redun=0.51 stall=0% pair=0.21 sync=+0.0026(4.9/k) ownGap=0.182 sps=75(75avg)
[it  133/488] ep_end= 89.5%(ended= 34)  pg=-0.0046  v=0.0128  ent=0.726  kl=+0.0380  clip=16.4%  redun=0.54 stall=0% pair=0.23 sync=+0.0023(5.0/k) ownGap=0.164 sps=89(75avg)
[it  134/488] ep_end= 93.8%(ended= 32)  pg=-0.0057  v=0.0105  ent=0.721  kl=+0.0367  clip=17.5%  redun=0.57 stall=0% pair=0.23 sync=+0.0031(6.1/k) ownGap=0.142 sps=85(75avg)
[it  135/488] ep_end= 87.3%(ended= 39)  pg=+0.0198  v=0.0118  ent=0.747  kl=+0.3535  clip=26.6%  redun=0.51 stall=0% pair=0.24 sync=+0.0031(4.5/k) ownGap=0.174 sps=79(75avg)
[it  136/488] ep_end= 92.2%(ended= 26)  pg=-0.0014  v=0.0084  ent=0.665  kl=+0.0495  clip=17.7%  redun=0.50 stall=0% pair=0.25 sync=+0.0035(4.9/k) ownGap=0.161 sps=89(76avg)
[it  137/488] ep_end= 90.7%(ended= 41)  pg=-0.0072  v=0.0067  ent=0.685  kl=+0.0280  clip=13.1%  redun=0.46 stall=0% pair=0.24 sync=+0.0031(4.0/k) ownGap=0.189 sps=89(76avg)
[it  138/488] ep_end= 92.3%(ended= 32)  pg=-0.0067  v=0.0112  ent=0.755  kl=+0.0151  clip=13.5%  redun=0.49 stall=0% pair=0.24 sync=+0.0041(5.4/k) ownGap=0.178 sps=94(76avg)
[it  139/488] ep_end= 90.4%(ended= 36)  pg=-0.0061  v=0.0088  ent=0.741  kl=+0.0263  clip=15.2%  redun=0.48 stall=0% pair=0.23 sync=+0.0021(4.0/k) ownGap=0.191 sps=88(76avg)
[it  140/488] ep_end= 91.1%(ended= 31)  pg=-0.0079  v=0.0139  ent=0.770  kl=+0.0558  clip=15.4%  redun=0.49 stall=0% pair=0.24 sync=+0.0028(5.0/k) ownGap=0.183 sps=88(76avg)
[evalsuite it= 140] score=+0.071±0.195  auc=0.427  imbN=0.278  fair=0.908  conc=0.34  idle=0.69  ov=0.18  duty=0.07  succ=0.00  s90=384  nSync=1.7  syncGap=0.184  ownAUC=0.294  scoreOwn=-0.061
[ckpt] runs/v11_R2_20260727_155116/ckpt_best.pt
[best] new best eval/score=+0.071 at it=140 → ckpt_best.pt
[it  141/488] ep_end= 89.0%(ended= 28)  pg=-0.0002  v=0.0074  ent=0.681  kl=+0.0664  clip=16.5%  redun=0.40 stall=0% pair=0.28 sync=+0.0025(3.3/k) ownGap=0.193 sps=98(76avg)
[it  142/488] ep_end= 90.2%(ended= 39)  pg=-0.0050  v=0.0176  ent=0.764  kl=+0.0164  clip=14.3%  redun=0.42 stall=0% pair=0.23 sync=+0.0026(4.4/k) ownGap=0.220 sps=93(76avg)
[it  143/488] ep_end= 94.3%(ended= 35)  pg=-0.0044  v=0.0220  ent=0.778  kl=+0.0255  clip=16.6%  redun=0.48 stall=0% pair=0.22 sync=+0.0028(4.4/k) ownGap=0.199 sps=70(76avg)
[it  144/488] ep_end= 95.2%(ended= 37)  pg=-0.0066  v=0.0175  ent=0.783  kl=+0.0183  clip=15.0%  redun=0.53 stall=0% pair=0.21 sync=+0.0022(4.5/k) ownGap=0.176 sps=31(75avg)
[it  145/488] ep_end= 90.3%(ended= 31)  pg=+0.0012  v=0.0319  ent=0.757  kl=+0.0237  clip=17.6%  redun=0.57 stall=0% pair=0.22 sync=+0.0024(4.2/k) ownGap=0.168 sps=83(75avg)
[it  146/488] ep_end= 93.5%(ended= 41)  pg=-0.0033  v=0.0151  ent=0.679  kl=+0.0435  clip=16.2%  redun=0.55 stall=0% pair=0.22 sync=+0.0034(5.7/k) ownGap=0.158 sps=93(75avg)
[it  147/488] ep_end= 94.4%(ended= 38)  pg=-0.0026  v=0.0215  ent=0.698  kl=+0.0387  clip=16.9%  redun=0.49 stall=0% pair=0.23 sync=+0.0042(5.6/k) ownGap=0.195 sps=96(76avg)
[it  148/488] ep_end= 94.5%(ended= 34)  pg=-0.0043  v=0.0221  ent=0.728  kl=+0.0434  clip=17.2%  redun=0.51 stall=0% pair=0.23 sync=+0.0019(4.2/k) ownGap=0.183 sps=93(76avg)
[it  149/488] ep_end= 85.8%(ended= 27)  pg=-0.0078  v=0.0105  ent=0.712  kl=+0.0282  clip=14.9%  redun=0.49 stall=0% pair=0.25 sync=+0.0026(4.4/k) ownGap=0.178 sps=92(76avg)
[it  150/488] ep_end= 92.6%(ended= 40)  pg=-0.0030  v=0.0262  ent=0.718  kl=+0.0159  clip=12.5%  redun=0.47 stall=0% pair=0.23 sync=+0.0021(4.9/k) ownGap=0.197 sps=93(76avg)
[evalsuite it= 150] score=+0.113±0.135  auc=0.438  imbN=0.234  fair=0.933  conc=0.37  idle=0.66  ov=0.18  duty=0.08  succ=0.00  s90=384  nSync=1.8  syncGap=0.174  ownAUC=0.311  scoreOwn=-0.015
[ckpt] runs/v11_R2_20260727_155116/ckpt_best.pt
[best] new best eval/score=+0.113 at it=150 → ckpt_best.pt
[it  151/488] ep_end= 94.1%(ended= 27)  pg=-0.0015  v=0.0154  ent=0.688  kl=+0.0405  clip=15.7%  redun=0.47 stall=0% pair=0.26 sync=+0.0033(3.9/k) ownGap=0.179 sps=98(76avg)
[it  152/488] ep_end= 86.3%(ended= 30)  pg=-0.0049  v=0.0145  ent=0.658  kl=+0.0306  clip=11.9%  redun=0.41 stall=0% pair=0.30 sync=+0.0015(2.0/k) ownGap=0.192 sps=97(76avg)
[it  153/488] ep_end= 90.3%(ended= 34)  pg=-0.0071  v=0.0176  ent=0.706  kl=+0.0160  clip=12.7%  redun=0.49 stall=0% pair=0.23 sync=+0.0034(4.8/k) ownGap=0.181 sps=91(76avg)
[it  154/488] ep_end= 90.8%(ended= 35)  pg=-0.0032  v=0.0296  ent=0.711  kl=+0.0145  clip=11.1%  redun=0.54 stall=0% pair=0.23 sync=+0.0026(4.8/k) ownGap=0.155 sps=92(76avg)
[it  155/488] ep_end= 90.7%(ended= 35)  pg=-0.0027  v=0.0152  ent=0.626  kl=+0.0544  clip=14.6%  redun=0.50 stall=0% pair=0.24 sync=+0.0036(5.7/k) ownGap=0.165 sps=90(76avg)
[it  156/488] ep_end= 93.9%(ended= 34)  pg=+0.0030  v=0.0079  ent=0.635  kl=+0.0734  clip=16.2%  redun=0.46 stall=0% pair=0.24 sync=+0.0034(4.6/k) ownGap=0.188 sps=93(76avg)
[it  157/488] ep_end= 89.5%(ended= 31)  pg=-0.0043  v=0.0135  ent=0.692  kl=+0.0351  clip=13.5%  redun=0.51 stall=0% pair=0.24 sync=+0.0034(4.8/k) ownGap=0.166 sps=54(76avg)
[it  158/488] ep_end= 93.4%(ended= 39)  pg=+0.0032  v=0.0123  ent=0.635  kl=+0.0753  clip=16.7%  redun=0.46 stall=0% pair=0.25 sync=+0.0027(3.7/k) ownGap=0.196 sps=52(76avg)
[it  159/488] ep_end= 92.7%(ended= 32)  pg=-0.0054  v=0.0086  ent=0.658  kl=+0.0385  clip=13.3%  redun=0.42 stall=0% pair=0.24 sync=+0.0024(3.5/k) ownGap=0.202 sps=94(76avg)
[it  160/488] ep_end= 91.7%(ended= 32)  pg=+0.0141  v=0.0112  ent=0.649  kl=+0.1222  clip=20.2%  redun=0.48 stall=0% pair=0.25 sync=+0.0026(4.0/k) ownGap=0.171 sps=98(76avg)
[evalsuite it= 160] score=+0.090±0.159  auc=0.452  imbN=0.282  fair=0.909  conc=0.33  idle=0.70  ov=0.18  duty=0.08  succ=0.00  s90=383  nSync=1.8  syncGap=0.151  ownAUC=0.322  scoreOwn=-0.039
[it  161/488] ep_end= 86.1%(ended= 30)  pg=-0.0024  v=0.0091  ent=0.654  kl=+0.0529  clip=11.4%  redun=0.55 stall=0% pair=0.23 sync=+0.0028(4.9/k) ownGap=0.147 sps=95(76avg)
[it  162/488] ep_end= 92.3%(ended= 41)  pg=+0.0112  v=0.0077  ent=0.640  kl=+0.1067  clip=18.2%  redun=0.51 stall=0% pair=0.26 sync=+0.0021(4.0/k) ownGap=0.171 sps=92(76avg)
[it  163/488] ep_end= 93.5%(ended= 28)  pg=-0.0038  v=0.0069  ent=0.626  kl=+0.0414  clip=11.1%  redun=0.47 stall=0% pair=0.27 sync=+0.0042(5.4/k) ownGap=0.166 sps=53(76avg)
[it  164/488] ep_end= 86.5%(ended= 32)  pg=-0.0039  v=0.0071  ent=0.636  kl=+0.0370  clip=12.5%  redun=0.49 stall=0% pair=0.24 sync=+0.0051(5.6/k) ownGap=0.170 sps=80(76avg)
[it  165/488] ep_end= 90.1%(ended= 33)  pg=+0.0159  v=0.0090  ent=0.648  kl=+0.2459  clip=19.2%  redun=0.48 stall=0% pair=0.24 sync=+0.0038(4.2/k) ownGap=0.171 sps=71(76avg)
[it  166/488] ep_end= 91.9%(ended= 34)  pg=-0.0079  v=0.0115  ent=0.635  kl=+0.0206  clip=10.3%  redun=0.53 stall=0% pair=0.22 sync=+0.0028(5.4/k) ownGap=0.159 sps=91(76avg)
[it  167/488] ep_end= 90.6%(ended= 32)  pg=-0.0043  v=0.0081  ent=0.621  kl=+0.0351  clip=13.0%  redun=0.44 stall=0% pair=0.27 sync=+0.0027(4.0/k) ownGap=0.183 sps=85(76avg)
[it  168/488] ep_end= 90.8%(ended= 36)  pg=-0.0071  v=0.0119  ent=0.691  kl=+0.0224  clip=12.1%  redun=0.47 stall=0% pair=0.24 sync=+0.0046(4.6/k) ownGap=0.188 sps=93(76avg)
[it  169/488] ep_end= 92.2%(ended= 43)  pg=-0.0060  v=0.0104  ent=0.626  kl=+0.0347  clip=12.3%  redun=0.46 stall=0% pair=0.24 sync=+0.0025(5.2/k) ownGap=0.178 sps=90(76avg)
[it  170/488] ep_end= 92.8%(ended= 31)  pg=-0.0055  v=0.0091  ent=0.680  kl=+0.0305  clip=13.2%  redun=0.45 stall=0% pair=0.23 sync=+0.0033(4.6/k) ownGap=0.198 sps=70(76avg)
[evalsuite it= 170] score=+0.045±0.201  auc=0.417  imbN=0.307  fair=0.889  conc=0.28  idle=0.74  ov=0.13  duty=0.05  succ=0.00  s90=384  nSync=1.3  syncGap=0.220  ownAUC=0.254  scoreOwn=-0.117
[it  171/488] ep_end= 92.4%(ended= 38)  pg=-0.0012  v=0.0095  ent=0.681  kl=+0.0571  clip=14.8%  redun=0.55 stall=0% pair=0.22 sync=+0.0028(6.0/k) ownGap=0.158 sps=63(76avg)
[it  172/488] ep_end= 93.9%(ended= 29)  pg=-0.0052  v=0.0092  ent=0.655  kl=+0.0320  clip=13.0%  redun=0.53 stall=0% pair=0.25 sync=+0.0030(5.5/k) ownGap=0.167 sps=86(76avg)
[it  173/488] ep_end= 92.6%(ended= 42)  pg=-0.0048  v=0.0067  ent=0.661  kl=+0.0366  clip=14.5%  redun=0.47 stall=0% pair=0.24 sync=+0.0037(4.4/k) ownGap=0.175 sps=95(76avg)
[it  174/488] ep_end= 91.7%(ended= 35)  pg=+0.0006  v=0.0096  ent=0.679  kl=+0.0584  clip=16.2%  redun=0.44 stall=0% pair=0.24 sync=+0.0026(4.2/k) ownGap=0.201 sps=95(76avg)
[it  175/488] ep_end= 93.1%(ended= 32)  pg=-0.0067  v=0.0104  ent=0.690  kl=+0.0271  clip=13.3%  redun=0.46 stall=0% pair=0.24 sync=+0.0028(3.9/k) ownGap=0.201 sps=95(77avg)
[it  176/488] ep_end= 93.1%(ended= 34)  pg=-0.0029  v=0.0197  ent=0.705  kl=+0.0216  clip=15.3%  redun=0.49 stall=0% pair=0.23 sync=+0.0027(5.2/k) ownGap=0.180 sps=93(77avg)
[it  177/488] ep_end= 92.7%(ended= 36)  pg=+0.0195  v=0.0141  ent=0.671  kl=+0.1920  clip=22.5%  redun=0.51 stall=0% pair=0.22 sync=+0.0038(5.5/k) ownGap=0.173 sps=47(76avg)
[it  178/488] ep_end= 93.9%(ended= 41)  pg=-0.0059  v=0.0138  ent=0.678  kl=+0.0133  clip=10.3%  redun=0.51 stall=0% pair=0.21 sync=+0.0036(6.1/k) ownGap=0.184 sps=64(76avg)
[it  179/488] ep_end= 95.0%(ended= 38)  pg=-0.0045  v=0.0094  ent=0.622  kl=+0.0354  clip=13.2%  redun=0.54 stall=0% pair=0.21 sync=+0.0036(6.5/k) ownGap=0.165 sps=91(76avg)
[it  180/488] ep_end= 93.2%(ended= 35)  pg=-0.0019  v=0.0166  ent=0.618  kl=+0.0246  clip=12.2%  redun=0.57 stall=0% pair=0.23 sync=+0.0038(5.7/k) ownGap=0.146 sps=50(76avg)
[evalsuite it= 180] score=+0.124±0.182  auc=0.463  imbN=0.243  fair=0.923  conc=0.37  idle=0.68  ov=0.19  duty=0.09  succ=0.00  s90=380  nSync=1.8  syncGap=0.153  ownAUC=0.338  scoreOwn=-0.002
[ckpt] runs/v11_R2_20260727_155116/ckpt_best.pt
[best] new best eval/score=+0.124 at it=180 → ckpt_best.pt
[it  181/488] ep_end= 93.9%(ended= 38)  pg=-0.0047  v=0.0212  ent=0.626  kl=+0.0284  clip=12.4%  redun=0.54 stall=0% pair=0.23 sync=+0.0041(5.4/k) ownGap=0.164 sps=93(76avg)
[it  182/488] ep_end= 93.8%(ended= 30)  pg=-0.0033  v=0.0093  ent=0.593  kl=+0.0432  clip=12.4%  redun=0.47 stall=0% pair=0.25 sync=+0.0026(4.9/k) ownGap=0.184 sps=92(76avg)
[it  183/488] ep_end= 92.1%(ended= 41)  pg=-0.0052  v=0.0120  ent=0.607  kl=+0.0300  clip=12.2%  redun=0.44 stall=0% pair=0.26 sync=+0.0035(4.3/k) ownGap=0.187 sps=57(76avg)
[it  184/488] ep_end= 93.5%(ended= 35)  pg=-0.0057  v=0.0110  ent=0.647  kl=+0.0304  clip=13.7%  redun=0.50 stall=0% pair=0.23 sync=+0.0041(5.4/k) ownGap=0.170 sps=94(76avg)
[it  185/488] ep_end= 92.7%(ended= 31)  pg=-0.0059  v=0.0096  ent=0.663  kl=+0.0323  clip=13.5%  redun=0.54 stall=0% pair=0.23 sync=+0.0032(6.1/k) ownGap=0.158 sps=95(76avg)
[it  186/488] ep_end= 91.0%(ended= 38)  pg=-0.0057  v=0.0183  ent=0.732  kl=+0.0266  clip=14.5%  redun=0.57 stall=0% pair=0.20 sync=+0.0044(5.9/k) ownGap=0.161 sps=94(76avg)
[it  187/488] ep_end= 93.3%(ended= 27)  pg=-0.0061  v=0.0105  ent=0.678  kl=+0.0332  clip=14.0%  redun=0.55 stall=0% pair=0.21 sync=+0.0035(6.3/k) ownGap=0.150 sps=95(76avg)
[it  188/488] ep_end= 91.0%(ended= 40)  pg=-0.0040  v=0.0115  ent=0.722  kl=+0.0350  clip=15.9%  redun=0.62 stall=0% pair=0.20 sync=+0.0022(5.2/k) ownGap=0.138 sps=91(76avg)
[it  189/488] ep_end= 89.4%(ended= 33)  pg=-0.0048  v=0.0195  ent=0.753  kl=+0.0287  clip=14.6%  redun=0.49 stall=0% pair=0.25 sync=+0.0014(2.9/k) ownGap=0.180 sps=98(77avg)
[it  190/488] ep_end= 91.1%(ended= 28)  pg=-0.0052  v=0.0145  ent=0.722  kl=+0.0370  clip=15.9%  redun=0.51 stall=0% pair=0.25 sync=+0.0031(5.4/k) ownGap=0.160 sps=90(77avg)
[evalsuite it= 190] score=+0.156±0.163  auc=0.460  imbN=0.200  fair=0.949  conc=0.36  idle=0.66  ov=0.16  duty=0.08  succ=0.00  s90=379  nSync=1.6  syncGap=0.190  ownAUC=0.317  scoreOwn=+0.013
[ckpt] runs/v11_R2_20260727_155116/ckpt_best.pt
[best] new best eval/score=+0.156 at it=190 → ckpt_best.pt
[it  191/488] ep_end= 84.5%(ended= 27)  pg=-0.0066  v=0.0075  ent=0.679  kl=+0.0339  clip=14.6%  redun=0.52 stall=0% pair=0.26 sync=+0.0021(3.9/k) ownGap=0.150 sps=98(77avg)
[it  192/488] ep_end= 84.1%(ended= 36)  pg=-0.0047  v=0.0114  ent=0.688  kl=+0.0269  clip=13.5%  redun=0.52 stall=0% pair=0.25 sync=+0.0027(4.6/k) ownGap=0.154 sps=91(77avg)
[it  193/488] ep_end= 91.6%(ended= 35)  pg=-0.0076  v=0.0129  ent=0.668  kl=+0.0242  clip=13.2%  redun=0.53 stall=0% pair=0.23 sync=+0.0036(6.5/k) ownGap=0.150 sps=46(77avg)
[it  194/488] ep_end= 86.4%(ended= 30)  pg=-0.0036  v=0.0078  ent=0.648  kl=+0.0457  clip=15.1%  redun=0.46 stall=0% pair=0.26 sync=+0.0032(4.3/k) ownGap=0.170 sps=96(77avg)
[it  195/488] ep_end= 90.6%(ended= 36)  pg=-0.0005  v=0.0097  ent=0.633  kl=+0.0856  clip=17.0%  redun=0.49 stall=0% pair=0.26 sync=+0.0034(3.7/k) ownGap=0.155 sps=91(77avg)
[ckpt] runs/v11_R2_20260727_155116/ckpt_040.pt
[eval] runs/v11_R2_20260727_155116/eval_ckpt_040_m0.gif  map=255  final_explored=89.3%  frames=512
[trace] ckpt_040_m0  steps=512  explored=0.8932  → runs/v11_R2_20260727_155116/traces/ckpt_040_m0
[eval] runs/v11_R2_20260727_155116/eval_ckpt_040_m1.gif  map=134  final_explored=77.4%  frames=512
[trace] ckpt_040_m1  steps=512  explored=0.7736  → runs/v11_R2_20260727_155116/traces/ckpt_040_m1
[it  196/488] ep_end= 88.4%(ended= 25)  pg=-0.0067  v=0.0064  ent=0.639  kl=+0.0334  clip=13.5%  redun=0.48 stall=0% pair=0.26 sync=+0.0047(5.2/k) ownGap=0.168 sps=100(77avg)
[it  197/488] ep_end= 85.7%(ended= 35)  pg=-0.0019  v=0.0057  ent=0.640  kl=+0.0903  clip=15.3%  redun=0.51 stall=0% pair=0.24 sync=+0.0028(5.1/k) ownGap=0.156 sps=82(77avg)
[it  198/488] ep_end= 89.9%(ended= 34)  pg=-0.0017  v=0.0095  ent=0.673  kl=+0.0460  clip=15.5%  redun=0.52 stall=0% pair=0.23 sync=+0.0030(5.5/k) ownGap=0.163 sps=94(77avg)
[it  199/488] ep_end= 93.4%(ended= 33)  pg=-0.0078  v=0.0094  ent=0.695  kl=+0.0274  clip=14.6%  redun=0.54 stall=0% pair=0.23 sync=+0.0040(6.2/k) ownGap=0.168 sps=96(77avg)
[it  200/488] ep_end= 91.7%(ended= 36)  pg=-0.0019  v=0.0073  ent=0.705  kl=+0.0430  clip=16.6%  redun=0.51 stall=0% pair=0.22 sync=+0.0024(4.4/k) ownGap=0.176 sps=38(77avg)
[evalsuite it= 200] score=-0.040±0.201  auc=0.399  imbN=0.430  fair=0.828  conc=0.20  idle=0.80  ov=0.10  duty=0.04  succ=0.00  s90=384  nSync=0.8  syncGap=0.252  ownAUC=0.220  scoreOwn=-0.219
[it  201/488] ep_end= 91.1%(ended= 36)  pg=-0.0064  v=0.0105  ent=0.694  kl=+0.0276  clip=14.3%  redun=0.47 stall=0% pair=0.23 sync=+0.0029(4.4/k) ownGap=0.192 sps=95(77avg)
[it  202/488] ep_end= 89.3%(ended= 34)  pg=-0.0060  v=0.0096  ent=0.705  kl=+0.0383  clip=15.5%  redun=0.51 stall=0% pair=0.24 sync=+0.0025(4.9/k) ownGap=0.176 sps=73(77avg)
[it  203/488] ep_end= 92.3%(ended= 37)  pg=-0.0076  v=0.0106  ent=0.685  kl=+0.0302  clip=14.6%  redun=0.50 stall=0% pair=0.23 sync=+0.0034(5.2/k) ownGap=0.189 sps=96(77avg)
[it  204/488] ep_end= 93.5%(ended= 39)  pg=-0.0015  v=0.0978  ent=0.690  kl=+0.0132  clip=7.5%  redun=0.49 stall=0% pair=0.23 sync=+0.0028(4.0/k) ownGap=0.183 sps=62(77avg)
[it  205/488] ep_end= 93.3%(ended= 39)  pg=-0.0069  v=0.0103  ent=0.649  kl=+0.0344  clip=14.4%  redun=0.50 stall=0% pair=0.23 sync=+0.0026(3.9/k) ownGap=0.176 sps=69(77avg)
[it  206/488] ep_end= 89.0%(ended= 32)  pg=-0.0020  v=0.0104  ent=0.687  kl=+0.0355  clip=16.4%  redun=0.47 stall=0% pair=0.22 sync=+0.0033(4.9/k) ownGap=0.188 sps=71(77avg)
[it  207/488] ep_end= 93.1%(ended= 33)  pg=-0.0072  v=0.0115  ent=0.677  kl=+0.0294  clip=14.7%  redun=0.46 stall=0% pair=0.24 sync=+0.0024(4.4/k) ownGap=0.193 sps=69(76avg)
[it  208/488] ep_end= 90.3%(ended= 35)  pg=-0.0006  v=0.0090  ent=0.650  kl=+0.0454  clip=17.5%  redun=0.48 stall=0% pair=0.25 sync=+0.0027(4.4/k) ownGap=0.186 sps=93(77avg)
[it  209/488] ep_end= 92.5%(ended= 35)  pg=-0.0063  v=0.0122  ent=0.700  kl=+0.0688  clip=15.3%  redun=0.49 stall=0% pair=0.22 sync=+0.0029(4.5/k) ownGap=0.181 sps=95(77avg)
[it  210/488] ep_end= 93.0%(ended= 39)  pg=-0.0054  v=0.0181  ent=0.676  kl=+0.0356  clip=15.3%  redun=0.56 stall=0% pair=0.21 sync=+0.0032(6.7/k) ownGap=0.158 sps=95(77avg)
[evalsuite it= 210] score=+0.109±0.151  auc=0.454  imbN=0.261  fair=0.921  conc=0.33  idle=0.69  ov=0.17  duty=0.08  succ=0.00  s90=382  nSync=1.9  syncGap=0.174  ownAUC=0.319  scoreOwn=-0.026
[it  211/488] ep_end= 94.4%(ended= 33)  pg=-0.0032  v=0.0081  ent=0.647  kl=+0.0541  clip=15.7%  redun=0.49 stall=0% pair=0.24 sync=+0.0024(4.4/k) ownGap=0.170 sps=97(77avg)
[it  212/488] ep_end= 89.9%(ended= 31)  pg=-0.0047  v=0.0075  ent=0.689  kl=+0.0363  clip=16.5%  redun=0.45 stall=0% pair=0.23 sync=+0.0020(4.2/k) ownGap=0.207 sps=96(77avg)
[it  213/488] ep_end= 91.8%(ended= 33)  pg=+0.0280  v=0.0072  ent=0.656  kl=+0.1363  clip=25.5%  redun=0.45 stall=0% pair=0.25 sync=+0.0031(4.3/k) ownGap=0.182 sps=97(77avg)
[it  214/488] ep_end= 90.2%(ended= 35)  pg=-0.0082  v=0.0078  ent=0.722  kl=+0.0211  clip=11.3%  redun=0.50 stall=0% pair=0.23 sync=+0.0027(5.0/k) ownGap=0.184 sps=73(77avg)
[it  215/488] ep_end= 91.7%(ended= 28)  pg=-0.0075  v=0.0085  ent=0.705  kl=+0.0438  clip=12.2%  redun=0.58 stall=0% pair=0.22 sync=+0.0028(5.1/k) ownGap=0.147 sps=94(77avg)
[it  216/488] ep_end= 90.4%(ended= 45)  pg=-0.0062  v=0.0092  ent=0.675  kl=+0.0295  clip=11.9%  redun=0.50 stall=0% pair=0.23 sync=+0.0030(4.9/k) ownGap=0.187 sps=76(77avg)
[it  217/488] ep_end= 94.7%(ended= 37)  pg=-0.0148  v=0.0957  ent=0.735  kl=+0.3882  clip=8.0%  redun=0.46 stall=0% pair=0.22 sync=+0.0027(4.9/k) ownGap=0.194 sps=96(77avg)
[it  218/488] ep_end= 89.7%(ended= 34)  pg=-0.0079  v=0.0152  ent=0.693  kl=+0.0863  clip=13.4%  redun=0.52 stall=0% pair=0.22 sync=+0.0038(5.1/k) ownGap=0.171 sps=93(77avg)
[it  219/488] ep_end= 91.3%(ended= 34)  pg=-0.0064  v=0.0090  ent=0.686  kl=+0.0386  clip=13.8%  redun=0.51 stall=0% pair=0.22 sync=+0.0030(5.0/k) ownGap=0.172 sps=94(77avg)
[it  220/488] ep_end= 90.3%(ended= 37)  pg=-0.0000  v=0.0079  ent=0.669  kl=+0.0550  clip=14.8%  redun=0.52 stall=0% pair=0.24 sync=+0.0018(4.3/k) ownGap=0.167 sps=74(77avg)
[evalsuite it= 220] score=+0.159±0.180  auc=0.484  imbN=0.233  fair=0.928  conc=0.38  idle=0.64  ov=0.20  duty=0.09  succ=0.00  s90=375  nSync=1.7  syncGap=0.151  ownAUC=0.351  scoreOwn=+0.025
[ckpt] runs/v11_R2_20260727_155116/ckpt_best.pt
[best] new best eval/score=+0.159 at it=220 → ckpt_best.pt
[it  221/488] ep_end= 90.4%(ended= 32)  pg=-0.0053  v=0.0093  ent=0.657  kl=+0.0330  clip=13.4%  redun=0.46 stall=0% pair=0.25 sync=+0.0032(3.9/k) ownGap=0.197 sps=36(77avg)
[it  222/488] ep_end= 92.1%(ended= 34)  pg=-0.0073  v=0.0067  ent=0.685  kl=+0.0304  clip=13.9%  redun=0.50 stall=0% pair=0.23 sync=+0.0029(4.3/k) ownGap=0.181 sps=61(77avg)
[it  223/488] ep_end= 91.2%(ended= 33)  pg=-0.0066  v=0.0093  ent=0.745  kl=+0.0302  clip=14.6%  redun=0.52 stall=0% pair=0.21 sync=+0.0033(5.1/k) ownGap=0.168 sps=70(77avg)
[it  224/488] ep_end= 94.2%(ended= 32)  pg=-0.0057  v=0.0216  ent=0.752  kl=+0.0279  clip=14.7%  redun=0.47 stall=0% pair=0.24 sync=+0.0017(4.6/k) ownGap=0.194 sps=55(76avg)
[it  225/488] ep_end= 88.5%(ended= 36)  pg=+0.0043  v=0.0159  ent=0.714  kl=+0.0928  clip=20.3%  redun=0.46 stall=0% pair=0.23 sync=+0.0044(4.5/k) ownGap=0.205 sps=47(76avg)
[it  226/488] ep_end= 93.8%(ended= 34)  pg=-0.0082  v=0.0206  ent=0.762  kl=+0.0169  clip=14.0%  redun=0.47 stall=0% pair=0.26 sync=+0.0026(4.6/k) ownGap=0.195 sps=83(76avg)
[it  227/488] ep_end= 90.8%(ended= 34)  pg=-0.0066  v=0.0169  ent=0.702  kl=+0.0213  clip=14.9%  redun=0.49 stall=0% pair=0.25 sync=+0.0031(4.5/k) ownGap=0.191 sps=93(76avg)
[it  228/488] ep_end= 91.0%(ended= 28)  pg=-0.0001  v=0.0141  ent=0.720  kl=+0.0772  clip=16.8%  redun=0.46 stall=0% pair=0.24 sync=+0.0040(4.5/k) ownGap=0.193 sps=88(76avg)
[it  229/488] ep_end= 89.6%(ended= 40)  pg=-0.0057  v=0.0221  ent=0.796  kl=+0.0213  clip=15.8%  redun=0.53 stall=0% pair=0.22 sync=+0.0026(4.4/k) ownGap=0.181 sps=61(76avg)
[it  230/488] ep_end= 94.2%(ended= 36)  pg=-0.0072  v=0.0133  ent=0.669  kl=+0.0311  clip=13.3%  redun=0.52 stall=0% pair=0.23 sync=+0.0032(5.0/k) ownGap=0.162 sps=95(76avg)
[evalsuite it= 230] score=+0.087±0.172  auc=0.443  imbN=0.294  fair=0.897  conc=0.32  idle=0.70  ov=0.14  duty=0.05  succ=0.00  s90=384  nSync=1.3  syncGap=0.194  ownAUC=0.298  scoreOwn=-0.058
[it  231/488] ep_end= 87.7%(ended= 36)  pg=-0.0039  v=0.0144  ent=0.684  kl=+0.0233  clip=14.2%  redun=0.47 stall=0% pair=0.24 sync=+0.0023(4.2/k) ownGap=0.194 sps=94(76avg)
[it  232/488] ep_end= 95.5%(ended= 36)  pg=-0.0043  v=0.0151  ent=0.688  kl=+0.0268  clip=13.5%  redun=0.38 stall=0% pair=0.26 sync=+0.0016(3.3/k) ownGap=0.219 sps=89(77avg)
[it  233/488] ep_end= 89.7%(ended= 37)  pg=-0.0079  v=0.0118  ent=0.656  kl=+0.0274  clip=13.7%  redun=0.51 stall=0% pair=0.24 sync=+0.0042(5.2/k) ownGap=0.178 sps=92(77avg)
[it  234/488] ep_end= 92.8%(ended= 34)  pg=+0.0451  v=0.0153  ent=0.745  kl=+1.2418  clip=34.0%  redun=0.49 stall=0% pair=0.22 sync=+0.0024(4.0/k) ownGap=0.186 sps=57(76avg)
[it  235/488] ep_end= 93.4%(ended= 35)  pg=-0.0090  v=0.0147  ent=0.730  kl=+0.0243  clip=12.5%  redun=0.51 stall=0% pair=0.23 sync=+0.0036(5.0/k) ownGap=0.178 sps=47(76avg)
[it  236/488] ep_end= 93.4%(ended= 40)  pg=-0.0055  v=0.0159  ent=0.764  kl=+0.0207  clip=13.9%  redun=0.56 stall=0% pair=0.20 sync=+0.0033(6.7/k) ownGap=0.158 sps=93(76avg)
[it  237/488] ep_end= 90.7%(ended= 36)  pg=-0.0039  v=0.0122  ent=0.767  kl=+0.0437  clip=17.3%  redun=0.50 stall=0% pair=0.22 sync=+0.0028(5.2/k) ownGap=0.173 sps=94(76avg)
[it  238/488] ep_end= 90.1%(ended= 33)  pg=-0.0063  v=0.0107  ent=0.786  kl=+0.0432  clip=15.6%  redun=0.52 stall=0% pair=0.23 sync=+0.0020(4.3/k) ownGap=0.179 sps=96(76avg)
[it  239/488] ep_end= 90.1%(ended= 31)  pg=-0.0015  v=0.0105  ent=0.750  kl=+0.0795  clip=19.1%  redun=0.54 stall=0% pair=0.23 sync=+0.0031(5.6/k) ownGap=0.153 sps=45(76avg)
[it  240/488] ep_end= 87.7%(ended= 37)  pg=+0.0030  v=0.0118  ent=0.777  kl=+0.1404  clip=19.9%  redun=0.47 stall=0% pair=0.22 sync=+0.0027(4.3/k) ownGap=0.196 sps=97(76avg)
[evalsuite it= 240] score=+0.058±0.206  auc=0.431  imbN=0.297  fair=0.893  conc=0.31  idle=0.73  ov=0.17  duty=0.06  succ=0.00  s90=384  nSync=1.5  syncGap=0.158  ownAUC=0.290  scoreOwn=-0.083
[it  241/488] ep_end= 94.7%(ended= 39)  pg=+0.0141  v=0.0145  ent=0.731  kl=+0.1274  clip=24.6%  redun=0.51 stall=0% pair=0.23 sync=+0.0030(5.1/k) ownGap=0.183 sps=96(76avg)
[it  242/488] ep_end= 91.3%(ended= 31)  pg=-0.0083  v=0.0134  ent=0.780  kl=+0.0339  clip=15.2%  redun=0.56 stall=0% pair=0.23 sync=+0.0041(5.9/k) ownGap=0.152 sps=97(76avg)
[it  243/488] ep_end= 90.2%(ended= 33)  pg=-0.0076  v=0.1275  ent=0.770  kl=+0.0422  clip=8.8%  redun=0.48 stall=0% pair=0.22 sync=+0.0039(4.9/k) ownGap=0.185 sps=63(76avg)
[it  244/488] ep_end= 91.9%(ended= 38)  pg=-0.0043  v=0.0166  ent=0.725  kl=+0.0412  clip=15.5%  redun=0.48 stall=0% pair=0.23 sync=+0.0030(4.2/k) ownGap=0.184 sps=96(76avg)
[it  245/488] ep_end= 93.2%(ended= 37)  pg=-0.0049  v=0.0154  ent=0.712  kl=+0.0282  clip=13.6%  redun=0.42 stall=0% pair=0.24 sync=+0.0021(3.5/k) ownGap=0.221 sps=94(76avg)
[it  246/488] ep_end= 93.1%(ended= 25)  pg=-0.0075  v=0.0173  ent=0.705  kl=+0.0244  clip=13.5%  redun=0.52 stall=0% pair=0.25 sync=+0.0046(5.4/k) ownGap=0.160 sps=94(77avg)
[it  247/488] ep_end= 89.4%(ended= 36)  pg=-0.0009  v=0.0135  ent=0.695  kl=+0.0498  clip=16.4%  redun=0.52 stall=0% pair=0.23 sync=+0.0021(4.6/k) ownGap=0.172 sps=93(77avg)
[it  248/488] ep_end= 94.3%(ended= 34)  pg=-0.0040  v=0.0109  ent=0.632  kl=+0.0440  clip=15.3%  redun=0.43 stall=0% pair=0.27 sync=+0.0024(3.8/k) ownGap=0.189 sps=96(77avg)
[it  249/488] ep_end= 87.0%(ended= 35)  pg=-0.0054  v=0.0114  ent=0.692  kl=+0.0443  clip=16.7%  redun=0.54 stall=0% pair=0.23 sync=+0.0043(5.1/k) ownGap=0.171 sps=94(77avg)
[it  250/488] ep_end= 92.0%(ended= 36)  pg=-0.0079  v=0.0153  ent=0.682  kl=+0.0246  clip=14.7%  redun=0.45 stall=0% pair=0.25 sync=+0.0029(4.5/k) ownGap=0.186 sps=86(77avg)
[evalsuite it= 250] score=+0.088±0.146  auc=0.435  imbN=0.266  fair=0.917  conc=0.30  idle=0.70  ov=0.15  duty=0.06  succ=0.00  s90=384  nSync=1.5  syncGap=0.210  ownAUC=0.281  scoreOwn=-0.065
[it  251/488] ep_end= 93.8%(ended= 36)  pg=-0.0033  v=0.0107  ent=0.693  kl=+0.0595  clip=17.3%  redun=0.49 stall=0% pair=0.23 sync=+0.0037(5.1/k) ownGap=0.179 sps=94(77avg)
[it  252/488] ep_end= 92.4%(ended= 32)  pg=-0.0024  v=0.0125  ent=0.700  kl=+0.0542  clip=16.9%  redun=0.48 stall=0% pair=0.24 sync=+0.0022(4.5/k) ownGap=0.167 sps=97(77avg)
[it  253/488] ep_end= 88.3%(ended= 31)  pg=+0.0116  v=0.0122  ent=0.696  kl=+0.0686  clip=19.9%  redun=0.45 stall=0% pair=0.26 sync=+0.0031(4.3/k) ownGap=0.187 sps=50(77avg)
[it  254/488] ep_end= 86.0%(ended= 29)  pg=-0.0046  v=0.0218  ent=0.709  kl=+0.0209  clip=14.3%  redun=0.54 stall=0% pair=0.24 sync=+0.0024(5.4/k) ownGap=0.150 sps=78(77avg)
[it  255/488] ep_end= 86.4%(ended= 31)  pg=-0.0068  v=0.0212  ent=0.720  kl=+0.0418  clip=15.2%  redun=0.44 stall=0% pair=0.24 sync=+0.0052(4.5/k) ownGap=0.199 sps=40(76avg)
[it  256/488] ep_end= 92.4%(ended= 34)  pg=-0.0064  v=0.0177  ent=0.717  kl=+0.0293  clip=14.3%  redun=0.51 stall=0% pair=0.21 sync=+0.0025(5.2/k) ownGap=0.163 sps=74(76avg)
[it  257/488] ep_end= 91.7%(ended= 32)  pg=-0.0101  v=0.2862  ent=0.759  kl=+0.0283  clip=6.8%  redun=0.54 stall=0% pair=0.21 sync=+0.0034(5.9/k) ownGap=0.162 sps=52(76avg)
[it  258/488] ep_end= 92.0%(ended= 34)  pg=-0.0071  v=0.0166  ent=0.698  kl=+0.0437  clip=15.1%  redun=0.47 stall=0% pair=0.25 sync=+0.0037(4.5/k) ownGap=0.186 sps=51(76avg)
[it  259/488] ep_end= 91.6%(ended= 31)  pg=-0.0060  v=0.0119  ent=0.663  kl=+0.0491  clip=15.7%  redun=0.53 stall=0% pair=0.22 sync=+0.0036(6.6/k) ownGap=0.152 sps=84(76avg)
[it  260/488] ep_end= 90.4%(ended= 33)  pg=-0.0071  v=0.0418  ent=0.683  kl=+0.0540  clip=13.9%  redun=0.48 stall=0% pair=0.24 sync=+0.0034(4.4/k) ownGap=0.180 sps=64(76avg)
[evalsuite it= 260] score=+0.062±0.164  auc=0.439  imbN=0.270  fair=0.913  conc=0.34  idle=0.70  ov=0.27  duty=0.14  succ=0.00  s90=383  nSync=2.6  syncGap=0.074  ownAUC=0.325  scoreOwn=-0.052
[it  261/488] ep_end= 88.8%(ended= 28)  pg=-0.0068  v=0.0095  ent=0.675  kl=+0.0467  clip=13.5%  redun=0.49 stall=0% pair=0.27 sync=+0.0025(3.7/k) ownGap=0.171 sps=71(76avg)
[it  262/488] ep_end= 89.6%(ended= 40)  pg=-0.0050  v=0.0091  ent=0.707  kl=+0.0410  clip=15.6%  redun=0.47 stall=0% pair=0.23 sync=+0.0023(4.5/k) ownGap=0.170 sps=93(76avg)
[it  263/488] ep_end= 88.6%(ended= 32)  pg=-0.0056  v=0.0166  ent=0.755  kl=+0.0214  clip=15.3%  redun=0.52 stall=0% pair=0.24 sync=+0.0028(4.6/k) ownGap=0.172 sps=94(76avg)
[it  264/488] ep_end= 91.4%(ended= 37)  pg=-0.0047  v=0.0103  ent=0.685  kl=+0.0871  clip=13.4%  redun=0.48 stall=0% pair=0.22 sync=+0.0027(4.5/k) ownGap=0.181 sps=95(76avg)
[it  265/488] ep_end= 88.7%(ended= 38)  pg=-0.0067  v=0.0086  ent=0.693  kl=+0.0260  clip=13.2%  redun=0.46 stall=0% pair=0.26 sync=+0.0020(3.7/k) ownGap=0.170 sps=93(76avg)
[it  266/488] ep_end= 91.5%(ended= 23)  pg=-0.0049  v=0.0119  ent=0.751  kl=+0.0196  clip=13.8%  redun=0.49 stall=0% pair=0.24 sync=+0.0035(5.1/k) ownGap=0.183 sps=95(76avg)
[it  267/488] ep_end= 91.6%(ended= 40)  pg=-0.0061  v=0.0147  ent=0.712  kl=+0.0246  clip=14.0%  redun=0.49 stall=0% pair=0.25 sync=+0.0029(4.4/k) ownGap=0.167 sps=76(76avg)
[it  268/488] ep_end= 88.8%(ended= 28)  pg=+0.0331  v=0.0086  ent=0.711  kl=+0.3328  clip=28.4%  redun=0.50 stall=0% pair=0.25 sync=+0.0033(4.4/k) ownGap=0.174 sps=95(76avg)
[it  269/488] ep_end= 87.6%(ended= 33)  pg=-0.0044  v=0.0107  ent=0.674  kl=+0.0352  clip=12.4%  redun=0.48 stall=0% pair=0.27 sync=+0.0022(4.2/k) ownGap=0.174 sps=94(76avg)
[it  270/488] ep_end= 91.1%(ended= 29)  pg=-0.0126  v=0.1460  ent=0.723  kl=+0.1303  clip=10.4%  redun=0.52 stall=0% pair=0.23 sync=+0.0027(4.9/k) ownGap=0.174 sps=95(77avg)
[evalsuite it= 270] score=+0.032±0.193  auc=0.422  imbN=0.314  fair=0.889  conc=0.30  idle=0.73  ov=0.20  duty=0.10  succ=0.00  s90=383  nSync=2.1  syncGap=0.182  ownAUC=0.296  scoreOwn=-0.093
[it  271/488] ep_end= 91.9%(ended= 39)  pg=-0.0049  v=0.0130  ent=0.705  kl=+0.0362  clip=13.4%  redun=0.56 stall=0% pair=0.20 sync=+0.0031(5.1/k) ownGap=0.161 sps=91(77avg)
[it  272/488] ep_end= 90.9%(ended= 30)  pg=-0.0048  v=0.0135  ent=0.691  kl=+0.0410  clip=14.9%  redun=0.56 stall=0% pair=0.22 sync=+0.0031(5.7/k) ownGap=0.155 sps=95(77avg)
[it  273/488] ep_end= 90.7%(ended= 36)  pg=-0.0033  v=0.0112  ent=0.658  kl=+0.0344  clip=14.0%  redun=0.50 stall=0% pair=0.24 sync=+0.0030(4.8/k) ownGap=0.169 sps=96(77avg)
[it  274/488] ep_end= 89.4%(ended= 31)  pg=-0.0055  v=0.0102  ent=0.644  kl=+0.0257  clip=11.5%  redun=0.53 stall=0% pair=0.23 sync=+0.0030(4.8/k) ownGap=0.157 sps=95(77avg)
[it  275/488] ep_end= 92.5%(ended= 32)  pg=-0.0076  v=0.0140  ent=0.685  kl=+0.0244  clip=12.5%  redun=0.53 stall=0% pair=0.24 sync=+0.0035(5.0/k) ownGap=0.161 sps=86(77avg)
[it  276/488] ep_end= 91.9%(ended= 38)  pg=-0.0059  v=0.0409  ent=0.615  kl=+0.0475  clip=8.0%  redun=0.50 stall=0% pair=0.23 sync=+0.0033(4.9/k) ownGap=0.171 sps=93(77avg)
[it  277/488] ep_end= 94.6%(ended= 38)  pg=-0.0044  v=0.0137  ent=0.653  kl=+0.0224  clip=13.0%  redun=0.51 stall=0% pair=0.22 sync=+0.0031(5.7/k) ownGap=0.175 sps=94(77avg)
[it  278/488] ep_end= 93.6%(ended= 31)  pg=-0.0057  v=0.0108  ent=0.615  kl=+0.0368  clip=12.4%  redun=0.49 stall=0% pair=0.22 sync=+0.0037(5.2/k) ownGap=0.174 sps=94(77avg)
[it  279/488] ep_end= 91.3%(ended= 36)  pg=-0.0032  v=0.0135  ent=0.599  kl=+0.0291  clip=13.0%  redun=0.49 stall=0% pair=0.24 sync=+0.0026(4.0/k) ownGap=0.174 sps=62(77avg)
[it  280/488] ep_end= 93.5%(ended= 37)  pg=+0.0078  v=0.0141  ent=0.621  kl=+0.0785  clip=18.4%  redun=0.47 stall=0% pair=0.23 sync=+0.0035(4.2/k) ownGap=0.182 sps=50(77avg)
[evalsuite it= 280] score=+0.041±0.172  auc=0.424  imbN=0.301  fair=0.897  conc=0.30  idle=0.72  ov=0.21  duty=0.09  succ=0.00  s90=384  nSync=1.7  syncGap=0.151  ownAUC=0.304  scoreOwn=-0.078
[it  281/488] ep_end= 95.0%(ended= 34)  pg=+0.0026  v=0.1680  ent=0.615  kl=+0.0591  clip=14.4%  redun=0.51 stall=0% pair=0.23 sync=+0.0038(5.5/k) ownGap=0.165 sps=93(77avg)
[it  282/488] ep_end= 91.6%(ended= 35)  pg=+0.0018  v=0.0890  ent=0.607  kl=+0.0660  clip=12.5%  redun=0.46 stall=0% pair=0.24 sync=+0.0019(4.3/k) ownGap=0.198 sps=95(77avg)
[it  283/488] ep_end= 94.8%(ended= 41)  pg=-0.0048  v=0.3158  ent=0.639  kl=+0.0497  clip=12.0%  redun=0.43 stall=0% pair=0.22 sync=+0.0028(3.7/k) ownGap=0.207 sps=87(77avg)
[it  284/488] ep_end= 93.8%(ended= 37)  pg=-0.0056  v=0.0393  ent=0.664  kl=+0.0505  clip=12.7%  redun=0.44 stall=0% pair=0.22 sync=+0.0027(4.0/k) ownGap=0.212 sps=96(77avg)
[it  285/488] ep_end= 96.1%(ended= 35)  pg=-0.0055  v=0.0142  ent=0.652  kl=+0.0279  clip=11.0%  redun=0.52 stall=0% pair=0.24 sync=+0.0035(5.5/k) ownGap=0.169 sps=91(77avg)
[it  286/488] ep_end= 93.4%(ended= 40)  pg=-0.0063  v=0.1923  ent=0.602  kl=+0.0243  clip=8.6%  redun=0.51 stall=0% pair=0.25 sync=+0.0034(4.5/k) ownGap=0.165 sps=91(77avg)
[it  287/488] ep_end= 90.1%(ended= 31)  pg=-0.0069  v=0.1521  ent=0.627  kl=+0.0185  clip=5.5%  redun=0.40 stall=0% pair=0.28 sync=+0.0028(2.8/k) ownGap=0.191 sps=96(77avg)
[it  288/488] ep_end= 91.1%(ended= 33)  pg=-0.0017  v=0.0125  ent=0.602  kl=+0.0407  clip=12.7%  redun=0.45 stall=0% pair=0.25 sync=+0.0023(4.2/k) ownGap=0.186 sps=81(77avg)
[it  289/488] ep_end= 91.5%(ended= 39)  pg=-0.0061  v=0.0098  ent=0.615  kl=+0.0263  clip=11.0%  redun=0.45 stall=0% pair=0.23 sync=+0.0041(4.2/k) ownGap=0.182 sps=91(77avg)
[it  290/488] ep_end= 93.4%(ended= 31)  pg=-0.0032  v=0.0151  ent=0.646  kl=+0.0272  clip=12.5%  redun=0.49 stall=0% pair=0.23 sync=+0.0020(5.0/k) ownGap=0.184 sps=93(77avg)
[evalsuite it= 290] score=+0.110±0.178  auc=0.449  imbN=0.235  fair=0.926  conc=0.33  idle=0.68  ov=0.20  duty=0.10  succ=0.00  s90=384  nSync=1.6  syncGap=0.157  ownAUC=0.322  scoreOwn=-0.018
[it  291/488] ep_end= 93.5%(ended= 36)  pg=-0.0098  v=0.0255  ent=0.601  kl=+0.0956  clip=10.9%  redun=0.43 stall=0% pair=0.26 sync=+0.0033(3.1/k) ownGap=0.183 sps=97(77avg)
[it  292/488] ep_end= 90.7%(ended= 33)  pg=-0.0008  v=0.0084  ent=0.570  kl=+0.0492  clip=13.7%  redun=0.44 stall=0% pair=0.26 sync=+0.0032(4.5/k) ownGap=0.186 sps=64(77avg)
[it  293/488] ep_end= 91.2%(ended= 39)  pg=+0.0070  v=0.0087  ent=0.621  kl=+0.0481  clip=16.6%  redun=0.43 stall=0% pair=0.25 sync=+0.0022(3.5/k) ownGap=0.197 sps=48(77avg)
[ckpt] runs/v11_R2_20260727_155116/ckpt_060.pt
[eval] runs/v11_R2_20260727_155116/eval_ckpt_060_m0.gif  map=153  final_explored=99.1%  frames=438
[trace] ckpt_060_m0  steps=439  explored=0.9914  → runs/v11_R2_20260727_155116/traces/ckpt_060_m0
[eval] runs/v11_R2_20260727_155116/eval_ckpt_060_m1.gif  map=20  final_explored=81.8%  frames=512
[trace] ckpt_060_m1  steps=512  explored=0.4288  → runs/v11_R2_20260727_155116/traces/ckpt_060_m1
[it  294/488] ep_end= 94.2%(ended= 31)  pg=-0.0044  v=0.0052  ent=0.612  kl=+0.0333  clip=10.7%  redun=0.44 stall=0% pair=0.28 sync=+0.0037(4.0/k) ownGap=0.169 sps=91(77avg)
[it  295/488] ep_end= 88.3%(ended= 38)  pg=-0.0034  v=0.0076  ent=0.651  kl=+0.0362  clip=10.2%  redun=0.47 stall=0% pair=0.25 sync=+0.0034(5.1/k) ownGap=0.184 sps=38(77avg)
[it  296/488] ep_end= 96.0%(ended= 35)  pg=-0.0037  v=0.0097  ent=0.622  kl=+0.0385  clip=11.3%  redun=0.44 stall=0% pair=0.25 sync=+0.0034(4.2/k) ownGap=0.180 sps=92(77avg)
[it  297/488] ep_end= 90.6%(ended= 31)  pg=-0.0063  v=0.0080  ent=0.678  kl=+0.0224  clip=12.1%  redun=0.47 stall=0% pair=0.25 sync=+0.0028(4.4/k) ownGap=0.177 sps=94(77avg)
[it  298/488] ep_end= 91.4%(ended= 35)  pg=-0.0050  v=0.0078  ent=0.622  kl=+0.0265  clip=10.5%  redun=0.49 stall=0% pair=0.24 sync=+0.0028(4.4/k) ownGap=0.162 sps=94(77avg)
[it  299/488] ep_end= 92.3%(ended= 34)  pg=-0.0043  v=0.0102  ent=0.650  kl=+0.0279  clip=12.0%  redun=0.43 stall=0% pair=0.27 sync=+0.0023(3.3/k) ownGap=0.196 sps=94(77avg)
[it  300/488] ep_end= 93.0%(ended= 32)  pg=-0.0026  v=0.0139  ent=0.636  kl=+0.0232  clip=12.7%  redun=0.41 stall=0% pair=0.26 sync=+0.0040(3.7/k) ownGap=0.200 sps=97(77avg)
[evalsuite it= 300] score=+0.067±0.172  auc=0.437  imbN=0.290  fair=0.900  conc=0.30  idle=0.72  ov=0.18  duty=0.09  succ=0.00  s90=384  nSync=1.4  syncGap=0.157  ownAUC=0.298  scoreOwn=-0.072
[it  301/488] ep_end= 90.2%(ended= 36)  pg=-0.0029  v=0.0327  ent=0.695  kl=+0.0145  clip=10.4%  redun=0.45 stall=0% pair=0.25 sync=+0.0027(3.5/k) ownGap=0.198 sps=97(77avg)
[it  302/488] ep_end= 93.6%(ended= 30)  pg=-0.0112  v=0.0605  ent=0.646  kl=+0.4162  clip=11.3%  redun=0.49 stall=0% pair=0.26 sync=+0.0039(4.6/k) ownGap=0.168 sps=91(77avg)
[it  303/488] ep_end= 89.4%(ended= 38)  pg=-0.0064  v=0.0170  ent=0.693  kl=+0.0197  clip=13.1%  redun=0.43 stall=0% pair=0.27 sync=+0.0023(3.2/k) ownGap=0.207 sps=90(77avg)
[it  304/488] ep_end= 94.5%(ended= 40)  pg=-0.0063  v=0.0159  ent=0.708  kl=+0.0375  clip=14.0%  redun=0.37 stall=0% pair=0.25 sync=+0.0016(3.1/k) ownGap=0.226 sps=95(77avg)
[it  305/488] ep_end= 93.3%(ended= 31)  pg=-0.0012  v=0.0177  ent=0.720  kl=+0.0454  clip=16.4%  redun=0.45 stall=0% pair=0.25 sync=+0.0024(4.6/k) ownGap=0.217 sps=96(77avg)
[it  306/488] ep_end= 94.3%(ended= 31)  pg=-0.0052  v=0.0085  ent=0.648  kl=+0.0313  clip=13.2%  redun=0.41 stall=0% pair=0.25 sync=+0.0020(2.7/k) ownGap=0.197 sps=96(77avg)
[it  307/488] ep_end= 89.3%(ended= 32)  pg=-0.0010  v=0.0253  ent=0.704  kl=+0.0320  clip=15.9%  redun=0.44 stall=0% pair=0.25 sync=+0.0021(2.6/k) ownGap=0.200 sps=97(77avg)
[it  308/488] ep_end= 91.5%(ended= 32)  pg=-0.0051  v=0.0195  ent=0.685  kl=+0.0327  clip=14.9%  redun=0.40 stall=0% pair=0.26 sync=+0.0034(3.8/k) ownGap=0.218 sps=93(77avg)
[it  309/488] ep_end= 91.9%(ended= 41)  pg=+0.0257  v=0.0927  ent=0.676  kl=+0.1745  clip=23.6%  redun=0.48 stall=0% pair=0.22 sync=+0.0043(5.7/k) ownGap=0.185 sps=94(77avg)
[it  310/488] ep_end= 93.8%(ended= 38)  pg=-0.0030  v=0.0539  ent=0.701  kl=+0.0183  clip=13.2%  redun=0.48 stall=0% pair=0.24 sync=+0.0027(5.7/k) ownGap=0.190 sps=71(77avg)
[evalsuite it= 310] score=-0.027±0.282  auc=0.389  imbN=0.343  fair=0.871  conc=0.23  idle=0.76  ov=0.22  duty=0.14  succ=0.00  s90=381  nSync=1.4  syncGap=0.202  ownAUC=0.247  scoreOwn=-0.170
[it  311/488] ep_end= 89.9%(ended= 41)  pg=-0.0047  v=0.0256  ent=0.666  kl=+0.0198  clip=12.1%  redun=0.45 stall=0% pair=0.23 sync=+0.0035(4.5/k) ownGap=0.200 sps=34(77avg)
[it  312/488] ep_end= 95.2%(ended= 28)  pg=-0.0081  v=0.0355  ent=0.649  kl=+0.0935  clip=8.9%  redun=0.52 stall=0% pair=0.23 sync=+0.0035(5.6/k) ownGap=0.159 sps=92(77avg)
[it  313/488] ep_end= 90.3%(ended= 43)  pg=-0.0026  v=0.0221  ent=0.656  kl=+0.0320  clip=11.0%  redun=0.51 stall=0% pair=0.23 sync=+0.0020(4.2/k) ownGap=0.174 sps=92(77avg)
[it  314/488] ep_end= 94.9%(ended= 34)  pg=-0.0029  v=0.0159  ent=0.649  kl=+0.0166  clip=10.5%  redun=0.44 stall=0% pair=0.24 sync=+0.0025(4.0/k) ownGap=0.183 sps=95(77avg)
[it  315/488] ep_end= 92.4%(ended= 30)  pg=-0.0021  v=0.0183  ent=0.644  kl=+0.2015  clip=13.3%  redun=0.43 stall=0% pair=0.25 sync=+0.0029(4.0/k) ownGap=0.192 sps=94(77avg)
[it  316/488] ep_end= 90.5%(ended= 27)  pg=-0.0062  v=0.0193  ent=0.636  kl=+0.0208  clip=11.2%  redun=0.50 stall=0% pair=0.26 sync=+0.0020(4.9/k) ownGap=0.163 sps=95(77avg)
[it  317/488] ep_end= 88.9%(ended= 37)  pg=-0.0051  v=0.0252  ent=0.745  kl=+0.0140  clip=12.5%  redun=0.56 stall=0% pair=0.23 sync=+0.0038(4.9/k) ownGap=0.155 sps=90(77avg)
[it  318/488] ep_end= 93.9%(ended= 30)  pg=-0.0031  v=0.0188  ent=0.648  kl=+0.0204  clip=11.1%  redun=0.54 stall=0% pair=0.23 sync=+0.0036(5.2/k) ownGap=0.148 sps=75(77avg)
[it  319/488] ep_end= 89.1%(ended= 35)  pg=-0.0042  v=0.0113  ent=0.629  kl=+0.0341  clip=10.5%  redun=0.50 stall=0% pair=0.25 sync=+0.0034(5.9/k) ownGap=0.169 sps=90(77avg)
[it  320/488] ep_end= 89.8%(ended= 35)  pg=-0.0057  v=0.0106  ent=0.619  kl=+0.0209  clip=10.4%  redun=0.54 stall=0% pair=0.23 sync=+0.0036(6.2/k) ownGap=0.141 sps=73(77avg)
[evalsuite it= 320] score=+0.050±0.164  auc=0.427  imbN=0.302  fair=0.897  conc=0.30  idle=0.70  ov=0.20  duty=0.10  succ=0.00  s90=384  nSync=2.1  syncGap=0.130  ownAUC=0.323  scoreOwn=-0.054
[it  321/488] ep_end= 89.8%(ended= 33)  pg=-0.0007  v=0.0075  ent=0.648  kl=+0.0344  clip=13.2%  redun=0.46 stall=0% pair=0.24 sync=+0.0022(3.1/k) ownGap=0.195 sps=43(77avg)
[it  322/488] ep_end= 94.9%(ended= 40)  pg=-0.0041  v=0.0117  ent=0.654  kl=+0.0212  clip=11.2%  redun=0.46 stall=0% pair=0.24 sync=+0.0025(4.0/k) ownGap=0.198 sps=95(77avg)
[it  323/488] ep_end= 94.2%(ended= 39)  pg=-0.0043  v=0.0185  ent=0.666  kl=+0.0228  clip=10.8%  redun=0.50 stall=0% pair=0.22 sync=+0.0033(4.9/k) ownGap=0.180 sps=93(77avg)
[it  324/488] ep_end= 93.7%(ended= 28)  pg=-0.0013  v=0.0208  ent=0.722  kl=+0.0202  clip=11.8%  redun=0.50 stall=0% pair=0.23 sync=+0.0042(5.1/k) ownGap=0.177 sps=93(77avg)
[it  325/488] ep_end= 93.0%(ended= 40)  pg=-0.0070  v=0.0128  ent=0.692  kl=+0.0174  clip=10.9%  redun=0.53 stall=0% pair=0.22 sync=+0.0029(5.1/k) ownGap=0.162 sps=93(77avg)
[it  326/488] ep_end= 94.7%(ended= 36)  pg=-0.0054  v=0.0114  ent=0.661  kl=+0.0278  clip=11.7%  redun=0.49 stall=0% pair=0.24 sync=+0.0028(5.4/k) ownGap=0.165 sps=45(77avg)
[it  327/488] ep_end= 91.1%(ended= 40)  pg=-0.0056  v=0.0098  ent=0.652  kl=+0.0224  clip=10.7%  redun=0.45 stall=0% pair=0.24 sync=+0.0024(4.5/k) ownGap=0.191 sps=73(77avg)
[it  328/488] ep_end= 91.3%(ended= 39)  pg=-0.0052  v=0.0083  ent=0.647  kl=+0.0207  clip=10.9%  redun=0.46 stall=0% pair=0.25 sync=+0.0028(4.5/k) ownGap=0.195 sps=93(77avg)
[it  329/488] ep_end= 93.4%(ended= 32)  pg=-0.0052  v=0.0136  ent=0.655  kl=+0.0186  clip=11.0%  redun=0.57 stall=0% pair=0.20 sync=+0.0027(6.3/k) ownGap=0.159 sps=89(77avg)
[it  330/488] ep_end= 92.6%(ended= 31)  pg=-0.0061  v=0.0097  ent=0.645  kl=+0.0205  clip=11.6%  redun=0.51 stall=0% pair=0.24 sync=+0.0044(5.4/k) ownGap=0.163 sps=85(77avg)
[evalsuite it= 330] score=+0.128±0.175  auc=0.464  imbN=0.228  fair=0.928  conc=0.35  idle=0.67  ov=0.21  duty=0.10  succ=0.00  s90=379  nSync=2.0  syncGap=0.137  ownAUC=0.338  scoreOwn=+0.002
[it  331/488] ep_end= 91.0%(ended= 36)  pg=-0.0047  v=0.0115  ent=0.652  kl=+0.0237  clip=11.5%  redun=0.43 stall=0% pair=0.26 sync=+0.0027(3.2/k) ownGap=0.193 sps=96(77avg)
[it  332/488] ep_end= 93.2%(ended= 36)  pg=-0.0015  v=0.0079  ent=0.623  kl=+0.0413  clip=13.0%  redun=0.45 stall=0% pair=0.24 sync=+0.0034(4.8/k) ownGap=0.184 sps=92(77avg)
[it  333/488] ep_end= 92.7%(ended= 32)  pg=-0.0027  v=0.0095  ent=0.677  kl=+0.0229  clip=13.3%  redun=0.49 stall=0% pair=0.24 sync=+0.0031(4.8/k) ownGap=0.189 sps=92(77avg)
[it  334/488] ep_end= 92.6%(ended= 40)  pg=+0.0039  v=0.0129  ent=0.698  kl=+0.0708  clip=15.4%  redun=0.48 stall=0% pair=0.22 sync=+0.0021(4.2/k) ownGap=0.183 sps=74(77avg)
[it  335/488] ep_end= 94.8%(ended= 40)  pg=+0.0144  v=0.0116  ent=0.696  kl=+0.3652  clip=19.7%  redun=0.52 stall=0% pair=0.20 sync=+0.0030(5.9/k) ownGap=0.171 sps=93(77avg)
[it  336/488] ep_end= 95.3%(ended= 32)  pg=-0.0063  v=0.0099  ent=0.692  kl=+0.0204  clip=11.5%  redun=0.50 stall=0% pair=0.23 sync=+0.0024(4.6/k) ownGap=0.174 sps=63(77avg)
[it  337/488] ep_end= 94.0%(ended= 42)  pg=-0.0062  v=0.0123  ent=0.695  kl=+0.0410  clip=12.6%  redun=0.45 stall=0% pair=0.23 sync=+0.0024(3.5/k) ownGap=0.201 sps=77(77avg)
[it  338/488] ep_end= 91.2%(ended= 28)  pg=-0.0068  v=0.0128  ent=0.681  kl=+0.0165  clip=12.2%  redun=0.49 stall=0% pair=0.25 sync=+0.0031(4.5/k) ownGap=0.193 sps=89(77avg)
[it  339/488] ep_end= 94.4%(ended= 42)  pg=-0.0068  v=0.0204  ent=0.711  kl=+0.0132  clip=11.9%  redun=0.49 stall=0% pair=0.22 sync=+0.0038(4.8/k) ownGap=0.191 sps=46(77avg)
[it  340/488] ep_end= 92.8%(ended= 31)  pg=-0.0061  v=0.0144  ent=0.785  kl=+0.0233  clip=14.2%  redun=0.53 stall=0% pair=0.20 sync=+0.0035(5.9/k) ownGap=0.182 sps=92(77avg)
[evalsuite it= 340] score=+0.055±0.179  auc=0.433  imbN=0.292  fair=0.901  conc=0.30  idle=0.72  ov=0.21  duty=0.11  succ=0.00  s90=384  nSync=1.6  syncGap=0.159  ownAUC=0.311  scoreOwn=-0.068
[it  341/488] ep_end= 89.9%(ended= 35)  pg=-0.0079  v=0.0165  ent=0.785  kl=+0.0170  clip=14.3%  redun=0.55 stall=0% pair=0.21 sync=+0.0028(5.4/k) ownGap=0.155 sps=97(77avg)
[it  342/488] ep_end= 91.8%(ended= 30)  pg=-0.0051  v=0.0159  ent=0.726  kl=+0.0283  clip=14.5%  redun=0.53 stall=0% pair=0.23 sync=+0.0037(5.6/k) ownGap=0.161 sps=94(77avg)
[it  343/488] ep_end= 93.8%(ended= 36)  pg=-0.0066  v=0.0296  ent=0.717  kl=+0.0154  clip=12.3%  redun=0.47 stall=0% pair=0.24 sync=+0.0017(3.9/k) ownGap=0.193 sps=92(77avg)
[it  344/488] ep_end= 91.7%(ended= 40)  pg=-0.0067  v=0.0168  ent=0.659  kl=+0.0183  clip=12.6%  redun=0.47 stall=0% pair=0.22 sync=+0.0026(4.0/k) ownGap=0.191 sps=93(77avg)
[it  345/488] ep_end= 93.6%(ended= 31)  pg=-0.0036  v=0.0184  ent=0.689  kl=+0.0306  clip=14.7%  redun=0.51 stall=0% pair=0.23 sync=+0.0031(4.9/k) ownGap=0.183 sps=95(77avg)
[it  346/488] ep_end= 93.9%(ended= 38)  pg=-0.0061  v=0.0104  ent=0.640  kl=+0.0303  clip=13.5%  redun=0.43 stall=0% pair=0.26 sync=+0.0021(4.0/k) ownGap=0.191 sps=93(77avg)
[it  347/488] ep_end= 93.6%(ended= 39)  pg=-0.0038  v=0.0114  ent=0.637  kl=+0.0282  clip=12.5%  redun=0.43 stall=0% pair=0.26 sync=+0.0033(4.3/k) ownGap=0.206 sps=97(77avg)
[it  348/488] ep_end= 93.8%(ended= 39)  pg=+0.0023  v=0.0132  ent=0.698  kl=+0.0534  clip=17.4%  redun=0.50 stall=0% pair=0.23 sync=+0.0024(5.0/k) ownGap=0.177 sps=93(78avg)
[it  349/488] ep_end= 91.8%(ended= 26)  pg=-0.0060  v=0.0093  ent=0.664  kl=+0.0257  clip=12.3%  redun=0.46 stall=0% pair=0.24 sync=+0.0032(4.3/k) ownGap=0.184 sps=95(78avg)
[it  350/488] ep_end= 92.8%(ended= 39)  pg=-0.0048  v=0.0117  ent=0.604  kl=+0.0287  clip=12.1%  redun=0.43 stall=0% pair=0.24 sync=+0.0034(4.2/k) ownGap=0.204 sps=93(78avg)
[evalsuite it= 350] score=+0.103±0.147  auc=0.440  imbN=0.224  fair=0.935  conc=0.33  idle=0.68  ov=0.22  duty=0.12  succ=0.00  s90=382  nSync=2.2  syncGap=0.150  ownAUC=0.331  scoreOwn=-0.006
[it  351/488] ep_end= 87.7%(ended= 26)  pg=-0.0030  v=0.0081  ent=0.609  kl=+0.0294  clip=11.7%  redun=0.48 stall=0% pair=0.27 sync=+0.0034(3.4/k) ownGap=0.180 sps=97(78avg)
[it  352/488] ep_end= 90.2%(ended= 40)  pg=-0.0015  v=0.0092  ent=0.651  kl=+0.0473  clip=13.8%  redun=0.44 stall=0% pair=0.27 sync=+0.0032(3.4/k) ownGap=0.185 sps=96(78avg)
[it  353/488] ep_end= 94.0%(ended= 34)  pg=+0.0142  v=0.0101  ent=0.673  kl=+0.1587  clip=19.8%  redun=0.41 stall=0% pair=0.24 sync=+0.0027(3.4/k) ownGap=0.214 sps=95(78avg)
[it  354/488] ep_end= 90.2%(ended= 34)  pg=-0.0071  v=0.0148  ent=0.731  kl=+0.0198  clip=11.0%  redun=0.49 stall=0% pair=0.23 sync=+0.0032(4.9/k) ownGap=0.194 sps=94(78avg)
[it  355/488] ep_end= 94.6%(ended= 37)  pg=-0.0074  v=0.0166  ent=0.684  kl=+0.0180  clip=12.5%  redun=0.51 stall=0% pair=0.21 sync=+0.0029(5.7/k) ownGap=0.180 sps=60(78avg)
[it  356/488] ep_end= 91.7%(ended= 39)  pg=-0.0092  v=0.0196  ent=0.692  kl=+0.1927  clip=12.7%  redun=0.50 stall=0% pair=0.22 sync=+0.0036(4.9/k) ownGap=0.183 sps=93(78avg)
[it  357/488] ep_end= 94.8%(ended= 30)  pg=-0.0071  v=0.0106  ent=0.621  kl=+0.0207  clip=10.6%  redun=0.44 stall=0% pair=0.26 sync=+0.0018(3.9/k) ownGap=0.183 sps=94(78avg)
[it  358/488] ep_end= 92.9%(ended= 43)  pg=-0.0019  v=0.0157  ent=0.675  kl=+0.0379  clip=15.0%  redun=0.40 stall=0% pair=0.24 sync=+0.0029(3.7/k) ownGap=0.232 sps=93(78avg)
[it  359/488] ep_end= 97.3%(ended= 32)  pg=-0.0049  v=0.0149  ent=0.692  kl=+0.0230  clip=12.7%  redun=0.50 stall=0% pair=0.23 sync=+0.0025(5.4/k) ownGap=0.184 sps=93(78avg)
[it  360/488] ep_end= 89.7%(ended= 43)  pg=-0.0019  v=0.0135  ent=0.665  kl=+0.0369  clip=14.8%  redun=0.49 stall=0% pair=0.21 sync=+0.0031(5.4/k) ownGap=0.175 sps=91(78avg)
[evalsuite it= 360] score=+0.092±0.156  auc=0.436  imbN=0.248  fair=0.923  conc=0.33  idle=0.71  ov=0.17  duty=0.07  succ=0.00  s90=382  nSync=1.8  syncGap=0.135  ownAUC=0.308  scoreOwn=-0.036
[it  361/488] ep_end= 90.7%(ended= 31)  pg=-0.0051  v=0.0122  ent=0.655  kl=+0.0275  clip=14.0%  redun=0.47 stall=0% pair=0.24 sync=+0.0028(4.6/k) ownGap=0.185 sps=98(78avg)
[it  362/488] ep_end= 94.1%(ended= 38)  pg=-0.0012  v=0.0098  ent=0.644  kl=+0.0544  clip=15.3%  redun=0.46 stall=0% pair=0.25 sync=+0.0034(4.6/k) ownGap=0.189 sps=97(78avg)
[it  363/488] ep_end= 92.1%(ended= 34)  pg=-0.0045  v=0.0101  ent=0.651  kl=+0.0530  clip=14.3%  redun=0.45 stall=0% pair=0.25 sync=+0.0030(3.1/k) ownGap=0.191 sps=103(78avg)
[it  364/488] ep_end= 88.9%(ended= 31)  pg=-0.0039  v=0.0195  ent=0.666  kl=+0.0227  clip=13.9%  redun=0.47 stall=0% pair=0.27 sync=+0.0034(4.2/k) ownGap=0.182 sps=65(78avg)
[it  365/488] ep_end= 91.4%(ended= 30)  pg=-0.0082  v=0.0180  ent=0.703  kl=+0.0187  clip=14.4%  redun=0.51 stall=0% pair=0.22 sync=+0.0033(4.9/k) ownGap=0.175 sps=80(78avg)
[it  366/488] ep_end= 91.5%(ended= 38)  pg=-0.0078  v=0.0270  ent=0.659  kl=+0.0168  clip=13.1%  redun=0.49 stall=0% pair=0.23 sync=+0.0032(5.6/k) ownGap=0.175 sps=50(78avg)
[it  367/488] ep_end= 91.9%(ended= 36)  pg=-0.0026  v=0.0196  ent=0.652  kl=+0.0267  clip=15.2%  redun=0.48 stall=0% pair=0.24 sync=+0.0020(4.3/k) ownGap=0.196 sps=83(78avg)
[it  368/488] ep_end= 93.8%(ended= 37)  pg=-0.0068  v=0.0201  ent=0.637  kl=+0.0246  clip=14.1%  redun=0.47 stall=0% pair=0.23 sync=+0.0036(4.9/k) ownGap=0.196 sps=91(78avg)
[it  369/488] ep_end= 93.1%(ended= 34)  pg=-0.0021  v=0.0550  ent=0.639  kl=+0.0121  clip=11.8%  redun=0.48 stall=0% pair=0.24 sync=+0.0029(4.3/k) ownGap=0.190 sps=82(78avg)
[it  370/488] ep_end= 94.1%(ended= 35)  pg=-0.0075  v=0.0242  ent=0.704  kl=+0.0178  clip=12.3%  redun=0.43 stall=0% pair=0.23 sync=+0.0023(3.9/k) ownGap=0.205 sps=45(78avg)
[evalsuite it= 370] score=+0.041±0.184  auc=0.428  imbN=0.345  fair=0.873  conc=0.30  idle=0.74  ov=0.12  duty=0.04  succ=0.00  s90=382  nSync=0.9  syncGap=0.221  ownAUC=0.271  scoreOwn=-0.116
[it  371/488] ep_end= 95.7%(ended= 37)  pg=-0.0047  v=0.0211  ent=0.681  kl=+0.0260  clip=15.6%  redun=0.49 stall=0% pair=0.23 sync=+0.0033(6.3/k) ownGap=0.188 sps=38(78avg)
[it  372/488] ep_end= 95.5%(ended= 43)  pg=-0.0027  v=0.0207  ent=0.722  kl=+0.0319  clip=15.1%  redun=0.47 stall=0% pair=0.20 sync=+0.0029(4.6/k) ownGap=0.211 sps=69(77avg)
[it  373/488] ep_end= 95.5%(ended= 31)  pg=-0.0068  v=0.0250  ent=0.715  kl=+0.0128  clip=12.3%  redun=0.48 stall=0% pair=0.22 sync=+0.0031(4.5/k) ownGap=0.184 sps=54(77avg)
[it  374/488] ep_end= 90.6%(ended= 36)  pg=-0.0059  v=0.0198  ent=0.656  kl=+0.0255  clip=13.2%  redun=0.53 stall=0% pair=0.22 sync=+0.0032(5.1/k) ownGap=0.172 sps=89(77avg)
[it  375/488] ep_end= 94.1%(ended= 37)  pg=-0.0056  v=0.0290  ent=0.651  kl=+0.0230  clip=13.6%  redun=0.49 stall=0% pair=0.22 sync=+0.0031(4.8/k) ownGap=0.177 sps=90(77avg)
[it  376/488] ep_end= 89.3%(ended= 31)  pg=-0.0062  v=0.0322  ent=0.654  kl=+0.0208  clip=12.9%  redun=0.57 stall=0% pair=0.23 sync=+0.0045(6.3/k) ownGap=0.145 sps=90(77avg)
[it  377/488] ep_end= 92.6%(ended= 33)  pg=-0.0043  v=0.0391  ent=0.665  kl=+0.0147  clip=12.8%  redun=0.49 stall=0% pair=0.24 sync=+0.0035(4.5/k) ownGap=0.176 sps=96(78avg)
[it  378/488] ep_end= 91.6%(ended= 37)  pg=-0.0008  v=0.0382  ent=0.626  kl=+0.0379  clip=16.0%  redun=0.48 stall=0% pair=0.26 sync=+0.0026(3.8/k) ownGap=0.181 sps=96(78avg)
[it  379/488] ep_end= 93.7%(ended= 33)  pg=-0.0043  v=0.1140  ent=0.680  kl=+0.0051  clip=12.3%  redun=0.41 stall=0% pair=0.23 sync=+0.0038(3.9/k) ownGap=0.223 sps=97(78avg)
[it  380/488] ep_end= 90.2%(ended= 32)  pg=-0.0043  v=0.1507  ent=0.669  kl=+0.0075  clip=12.5%  redun=0.50 stall=0% pair=0.21 sync=+0.0040(5.7/k) ownGap=0.179 sps=96(78avg)
[evalsuite it= 380] score=+0.100±0.184  auc=0.441  imbN=0.253  fair=0.913  conc=0.33  idle=0.70  ov=0.16  duty=0.06  succ=0.00  s90=382  nSync=1.7  syncGap=0.162  ownAUC=0.312  scoreOwn=-0.029
[it  381/488] ep_end= 92.1%(ended= 31)  pg=-0.0036  v=0.0687  ent=0.629  kl=+0.0083  clip=12.0%  redun=0.48 stall=0% pair=0.25 sync=+0.0030(5.0/k) ownGap=0.188 sps=98(78avg)
[it  382/488] ep_end= 93.8%(ended= 30)  pg=-0.0041  v=0.0795  ent=0.636  kl=+0.0250  clip=14.1%  redun=0.59 stall=0% pair=0.22 sync=+0.0035(5.7/k) ownGap=0.144 sps=78(78avg)
[it  383/488] ep_end= 89.4%(ended= 37)  pg=-0.0037  v=0.1253  ent=0.637  kl=+0.0097  clip=13.4%  redun=0.50 stall=0% pair=0.25 sync=+0.0022(3.7/k) ownGap=0.184 sps=78(78avg)
[it  384/488] ep_end= 89.7%(ended= 27)  pg=-0.0045  v=0.0717  ent=0.556  kl=+0.0363  clip=14.5%  redun=0.46 stall=0% pair=0.27 sync=+0.0030(4.0/k) ownGap=0.193 sps=97(78avg)
[it  385/488] ep_end= 90.6%(ended= 35)  pg=-0.0038  v=0.0361  ent=0.648  kl=+0.0409  clip=15.3%  redun=0.53 stall=0% pair=0.23 sync=+0.0045(5.1/k) ownGap=0.176 sps=97(78avg)
[it  386/488] ep_end= 93.7%(ended= 32)  pg=-0.0057  v=0.1290  ent=0.669  kl=+0.0097  clip=14.1%  redun=0.54 stall=0% pair=0.23 sync=+0.0039(6.3/k) ownGap=0.175 sps=95(78avg)
[it  387/488] ep_end= 90.7%(ended= 30)  pg=-0.0038  v=0.0773  ent=0.610  kl=+0.0230  clip=15.8%  redun=0.52 stall=0% pair=0.23 sync=+0.0041(6.1/k) ownGap=0.172 sps=92(78avg)
[it  388/488] ep_end= 92.0%(ended= 28)  pg=+0.0004  v=0.0443  ent=0.543  kl=+0.0348  clip=16.0%  redun=0.48 stall=0% pair=0.25 sync=+0.0032(5.2/k) ownGap=0.186 sps=69(78avg)
[it  389/488] ep_end= 89.2%(ended= 35)  pg=-0.0034  v=0.0470  ent=0.543  kl=+0.0333  clip=13.6%  redun=0.51 stall=0% pair=0.24 sync=+0.0033(5.1/k) ownGap=0.167 sps=92(78avg)
[it  390/488] ep_end= 93.2%(ended= 34)  pg=-0.0045  v=0.0316  ent=0.600  kl=+0.0270  clip=14.2%  redun=0.41 stall=0% pair=0.26 sync=+0.0014(3.7/k) ownGap=0.206 sps=53(78avg)
[evalsuite it= 390] score=+0.151±0.168  auc=0.464  imbN=0.220  fair=0.931  conc=0.37  idle=0.67  ov=0.14  duty=0.06  succ=0.00  s90=379  nSync=1.3  syncGap=0.209  ownAUC=0.310  scoreOwn=-0.004
[ckpt] runs/v11_R2_20260727_155116/ckpt_080.pt
[eval] runs/v11_R2_20260727_155116/eval_ckpt_080_m0.gif  map=37  final_explored=86.8%  frames=512
[trace] ckpt_080_m0  steps=512  explored=0.8678  → runs/v11_R2_20260727_155116/traces/ckpt_080_m0
[eval] runs/v11_R2_20260727_155116/eval_ckpt_080_m1.gif  map=8  final_explored=81.5%  frames=512
[trace] ckpt_080_m1  steps=512  explored=0.8146  → runs/v11_R2_20260727_155116/traces/ckpt_080_m1
[it  391/488] ep_end= 91.0%(ended= 30)  pg=-0.0040  v=0.0615  ent=0.592  kl=+0.0308  clip=15.3%  redun=0.48 stall=0% pair=0.26 sync=+0.0045(5.7/k) ownGap=0.184 sps=99(78avg)
[it  392/488] ep_end= 93.3%(ended= 34)  pg=+0.0012  v=0.0329  ent=0.573  kl=+0.0705  clip=17.4%  redun=0.50 stall=0% pair=0.23 sync=+0.0027(4.3/k) ownGap=0.172 sps=99(78avg)
[it  393/488] ep_end= 94.6%(ended= 34)  pg=-0.0008  v=0.0382  ent=0.573  kl=+0.0282  clip=14.2%  redun=0.45 stall=0% pair=0.26 sync=+0.0026(3.2/k) ownGap=0.195 sps=63(78avg)
[it  394/488] ep_end= 93.7%(ended= 34)  pg=-0.0034  v=0.0250  ent=0.577  kl=+0.0385  clip=14.0%  redun=0.46 stall=0% pair=0.24 sync=+0.0027(3.9/k) ownGap=0.189 sps=99(78avg)
[it  395/488] ep_end= 91.0%(ended= 32)  pg=-0.0025  v=0.0212  ent=0.570  kl=+0.0236  clip=13.2%  redun=0.46 stall=0% pair=0.25 sync=+0.0024(3.2/k) ownGap=0.188 sps=100(78avg)
[it  396/488] ep_end= 91.3%(ended= 36)  pg=+0.0029  v=0.0142  ent=0.514  kl=+0.1443  clip=15.2%  redun=0.45 stall=0% pair=0.25 sync=+0.0049(4.0/k) ownGap=0.181 sps=99(78avg)
[it  397/488] ep_end= 93.3%(ended= 32)  pg=-0.0006  v=0.0135  ent=0.571  kl=+0.0604  clip=15.0%  redun=0.47 stall=0% pair=0.25 sync=+0.0033(4.8/k) ownGap=0.171 sps=98(78avg)
[it  398/488] ep_end= 92.9%(ended= 42)  pg=-0.0070  v=0.0206  ent=0.617  kl=+0.0287  clip=14.3%  redun=0.56 stall=0% pair=0.20 sync=+0.0032(6.0/k) ownGap=0.156 sps=92(78avg)
[it  399/488] ep_end= 94.3%(ended= 34)  pg=-0.0007  v=0.0188  ent=0.578  kl=+0.0488  clip=14.9%  redun=0.49 stall=0% pair=0.24 sync=+0.0022(5.0/k) ownGap=0.167 sps=82(78avg)
[it  400/488] ep_end= 91.0%(ended= 38)  pg=+0.0145  v=0.0247  ent=0.603  kl=+0.2218  clip=21.4%  redun=0.48 stall=0% pair=0.23 sync=+0.0035(5.1/k) ownGap=0.177 sps=94(78avg)
[evalsuite it= 400] score=+0.081±0.168  auc=0.439  imbN=0.263  fair=0.919  conc=0.31  idle=0.71  ov=0.20  duty=0.09  succ=0.00  s90=381  nSync=2.0  syncGap=0.146  ownAUC=0.310  scoreOwn=-0.048
[it  401/488] ep_end= 92.2%(ended= 34)  pg=-0.0068  v=0.0152  ent=0.637  kl=+0.0254  clip=13.0%  redun=0.50 stall=0% pair=0.23 sync=+0.0029(5.2/k) ownGap=0.173 sps=96(78avg)
[it  402/488] ep_end= 94.4%(ended= 42)  pg=-0.0055  v=0.0149  ent=0.623  kl=+0.0289  clip=13.6%  redun=0.49 stall=0% pair=0.22 sync=+0.0034(5.1/k) ownGap=0.166 sps=75(78avg)
[it  403/488] ep_end= 90.9%(ended= 28)  pg=-0.0024  v=0.0084  ent=0.580  kl=+0.0364  clip=14.5%  redun=0.50 stall=0% pair=0.26 sync=+0.0032(4.6/k) ownGap=0.162 sps=101(78avg)
[it  404/488] ep_end= 90.8%(ended= 33)  pg=-0.0042  v=0.0133  ent=0.611  kl=+0.0394  clip=12.7%  redun=0.49 stall=0% pair=0.25 sync=+0.0029(4.6/k) ownGap=0.172 sps=62(78avg)
[it  405/488] ep_end= 95.7%(ended= 41)  pg=-0.0034  v=0.0148  ent=0.586  kl=+0.0324  clip=14.1%  redun=0.50 stall=0% pair=0.23 sync=+0.0031(5.0/k) ownGap=0.176 sps=40(78avg)
[it  406/488] ep_end= 91.5%(ended= 30)  pg=-0.0037  v=0.0122  ent=0.624  kl=+0.0451  clip=14.6%  redun=0.50 stall=0% pair=0.24 sync=+0.0034(5.9/k) ownGap=0.168 sps=93(78avg)
[it  407/488] ep_end= 92.3%(ended= 35)  pg=-0.0034  v=0.0099  ent=0.591  kl=+0.0436  clip=14.6%  redun=0.54 stall=0% pair=0.24 sync=+0.0034(5.1/k) ownGap=0.154 sps=96(78avg)
[it  408/488] ep_end= 92.2%(ended= 38)  pg=-0.0022  v=0.0295  ent=0.652  kl=+0.0209  clip=13.3%  redun=0.50 stall=0% pair=0.24 sync=+0.0029(5.2/k) ownGap=0.172 sps=93(78avg)
[it  409/488] ep_end= 93.1%(ended= 31)  pg=-0.0051  v=0.0119  ent=0.607  kl=+0.0279  clip=12.2%  redun=0.52 stall=0% pair=0.23 sync=+0.0035(5.5/k) ownGap=0.165 sps=95(78avg)
[it  410/488] ep_end= 89.7%(ended= 39)  pg=-0.0056  v=0.0121  ent=0.589  kl=+0.0309  clip=13.3%  redun=0.51 stall=0% pair=0.25 sync=+0.0027(4.9/k) ownGap=0.147 sps=82(78avg)
[evalsuite it= 410] score=+0.105±0.172  auc=0.452  imbN=0.272  fair=0.914  conc=0.32  idle=0.69  ov=0.15  duty=0.06  succ=0.00  s90=378  nSync=1.3  syncGap=0.197  ownAUC=0.306  scoreOwn=-0.041
[it  411/488] ep_end= 89.3%(ended= 34)  pg=+0.0033  v=0.0150  ent=0.622  kl=+0.0435  clip=14.7%  redun=0.52 stall=0% pair=0.25 sync=+0.0027(5.0/k) ownGap=0.168 sps=95(78avg)
[it  412/488] ep_end= 94.0%(ended= 29)  pg=+0.0055  v=0.0094  ent=0.682  kl=+0.0687  clip=16.6%  redun=0.44 stall=0% pair=0.25 sync=+0.0026(3.9/k) ownGap=0.210 sps=97(78avg)
[it  413/488] ep_end= 93.2%(ended= 35)  pg=-0.0069  v=0.0086  ent=0.643  kl=+0.0326  clip=13.9%  redun=0.54 stall=0% pair=0.23 sync=+0.0040(5.6/k) ownGap=0.157 sps=92(78avg)
[it  414/488] ep_end= 91.9%(ended= 38)  pg=+0.0045  v=0.0087  ent=0.643  kl=+0.0852  clip=16.3%  redun=0.50 stall=0% pair=0.23 sync=+0.0028(4.3/k) ownGap=0.170 sps=47(78avg)
[it  415/488] ep_end= 89.7%(ended= 26)  pg=-0.0055  v=0.0161  ent=0.738  kl=+0.0230  clip=12.8%  redun=0.53 stall=0% pair=0.24 sync=+0.0025(4.6/k) ownGap=0.163 sps=82(78avg)
[it  416/488] ep_end= 91.7%(ended= 35)  pg=-0.0090  v=0.0160  ent=0.739  kl=+0.0258  clip=12.7%  redun=0.54 stall=0% pair=0.20 sync=+0.0022(6.1/k) ownGap=0.165 sps=81(78avg)
[it  417/488] ep_end= 93.8%(ended= 43)  pg=-0.0083  v=0.0138  ent=0.709  kl=+0.0254  clip=12.8%  redun=0.51 stall=0% pair=0.20 sync=+0.0030(6.1/k) ownGap=0.186 sps=89(78avg)
[it  418/488] ep_end= 94.2%(ended= 43)  pg=-0.0069  v=0.0159  ent=0.703  kl=+0.0188  clip=12.1%  redun=0.49 stall=0% pair=0.22 sync=+0.0033(5.4/k) ownGap=0.176 sps=91(78avg)
[it  419/488] ep_end= 94.0%(ended= 29)  pg=-0.0044  v=0.0069  ent=0.668  kl=+0.0312  clip=14.0%  redun=0.50 stall=0% pair=0.23 sync=+0.0027(4.9/k) ownGap=0.168 sps=92(78avg)
[it  420/488] ep_end= 86.8%(ended= 33)  pg=-0.0054  v=0.0092  ent=0.659  kl=+0.0321  clip=13.5%  redun=0.50 stall=0% pair=0.25 sync=+0.0029(4.6/k) ownGap=0.161 sps=91(78avg)
[evalsuite it= 420] score=+0.014±0.215  auc=0.432  imbN=0.375  fair=0.850  conc=0.28  idle=0.74  ov=0.18  duty=0.07  succ=0.00  s90=384  nSync=1.5  syncGap=0.201  ownAUC=0.285  scoreOwn=-0.133
[it  421/488] ep_end= 90.6%(ended= 34)  pg=-0.0064  v=0.0084  ent=0.686  kl=+0.0270  clip=13.0%  redun=0.50 stall=0% pair=0.24 sync=+0.0020(4.9/k) ownGap=0.169 sps=93(78avg)
[it  422/488] ep_end= 88.5%(ended= 31)  pg=-0.0089  v=0.0098  ent=0.713  kl=+0.0280  clip=12.9%  redun=0.53 stall=0% pair=0.22 sync=+0.0035(5.5/k) ownGap=0.177 sps=35(78avg)
[it  423/488] ep_end= 94.7%(ended= 33)  pg=-0.0055  v=0.0234  ent=0.691  kl=+0.1051  clip=17.1%  redun=0.54 stall=0% pair=0.23 sync=+0.0024(5.5/k) ownGap=0.151 sps=91(78avg)
[it  424/488] ep_end= 89.5%(ended= 28)  pg=-0.0058  v=0.0162  ent=0.622  kl=+0.0213  clip=12.4%  redun=0.47 stall=0% pair=0.28 sync=+0.0030(3.7/k) ownGap=0.187 sps=94(78avg)
[it  425/488] ep_end= 90.3%(ended= 35)  pg=-0.0149  v=0.1938  ent=0.638  kl=+0.1926  clip=8.0%  redun=0.53 stall=0% pair=0.24 sync=+0.0029(5.1/k) ownGap=0.162 sps=87(78avg)
[it  426/488] ep_end= 90.9%(ended= 35)  pg=-0.0052  v=0.0143  ent=0.667  kl=+0.0361  clip=14.7%  redun=0.51 stall=0% pair=0.24 sync=+0.0031(5.0/k) ownGap=0.183 sps=89(78avg)
[it  427/488] ep_end= 92.4%(ended= 33)  pg=-0.0085  v=0.0220  ent=0.638  kl=+0.0195  clip=13.6%  redun=0.52 stall=0% pair=0.24 sync=+0.0033(5.2/k) ownGap=0.157 sps=92(78avg)
[it  428/488] ep_end= 92.7%(ended= 31)  pg=-0.0048  v=0.0095  ent=0.625  kl=+0.0305  clip=14.0%  redun=0.47 stall=0% pair=0.24 sync=+0.0030(4.0/k) ownGap=0.186 sps=93(78avg)
[it  429/488] ep_end= 91.0%(ended= 36)  pg=-0.0127  v=0.0155  ent=0.626  kl=+0.1081  clip=12.1%  redun=0.47 stall=0% pair=0.24 sync=+0.0019(4.3/k) ownGap=0.177 sps=62(78avg)
[it  430/488] ep_end= 91.2%(ended= 28)  pg=-0.0045  v=0.0237  ent=0.677  kl=+0.0240  clip=14.0%  redun=0.52 stall=0% pair=0.24 sync=+0.0037(4.9/k) ownGap=0.170 sps=34(78avg)
[evalsuite it= 430] score=+0.093±0.176  auc=0.464  imbN=0.289  fair=0.899  conc=0.35  idle=0.69  ov=0.21  duty=0.10  succ=0.00  s90=378  nSync=1.9  syncGap=0.144  ownAUC=0.337  scoreOwn=-0.034
[it  431/488] ep_end= 94.5%(ended= 39)  pg=-0.0070  v=0.0111  ent=0.639  kl=+0.0315  clip=15.3%  redun=0.53 stall=0% pair=0.22 sync=+0.0034(5.9/k) ownGap=0.167 sps=53(78avg)
[it  432/488] ep_end= 94.1%(ended= 40)  pg=-0.0016  v=0.0086  ent=0.661  kl=+0.0668  clip=16.0%  redun=0.47 stall=0% pair=0.23 sync=+0.0020(4.2/k) ownGap=0.191 sps=94(78avg)
[it  433/488] ep_end= 88.7%(ended= 30)  pg=-0.0061  v=0.0193  ent=0.673  kl=+0.0159  clip=13.3%  redun=0.48 stall=0% pair=0.24 sync=+0.0033(4.4/k) ownGap=0.175 sps=95(78avg)
[it  434/488] ep_end= 92.2%(ended= 35)  pg=-0.0062  v=0.0138  ent=0.621  kl=+0.0280  clip=13.7%  redun=0.45 stall=0% pair=0.25 sync=+0.0014(3.3/k) ownGap=0.196 sps=95(78avg)
[it  435/488] ep_end= 91.6%(ended= 31)  pg=-0.0048  v=0.0150  ent=0.633  kl=+0.0336  clip=14.8%  redun=0.50 stall=0% pair=0.24 sync=+0.0028(5.5/k) ownGap=0.175 sps=92(78avg)
[it  436/488] ep_end= 92.1%(ended= 36)  pg=-0.0054  v=0.0500  ent=0.682  kl=+0.0950  clip=13.9%  redun=0.48 stall=0% pair=0.23 sync=+0.0026(4.5/k) ownGap=0.186 sps=75(78avg)
[it  437/488] ep_end= 89.7%(ended= 35)  pg=+0.0088  v=0.0283  ent=0.696  kl=+0.1320  clip=21.9%  redun=0.45 stall=0% pair=0.24 sync=+0.0020(2.9/k) ownGap=0.202 sps=95(78avg)
[it  438/488] ep_end= 95.1%(ended= 32)  pg=-0.0064  v=0.0292  ent=0.715  kl=+0.0245  clip=16.0%  redun=0.48 stall=0% pair=0.23 sync=+0.0033(5.4/k) ownGap=0.192 sps=94(78avg)
[it  439/488] ep_end= 88.6%(ended= 33)  pg=-0.0019  v=0.0228  ent=0.665  kl=+0.0575  clip=17.1%  redun=0.44 stall=0% pair=0.24 sync=+0.0035(4.8/k) ownGap=0.193 sps=43(78avg)
[it  440/488] ep_end= 92.1%(ended= 36)  pg=-0.0015  v=0.0266  ent=0.631  kl=+0.0358  clip=14.6%  redun=0.47 stall=0% pair=0.25 sync=+0.0025(4.4/k) ownGap=0.184 sps=58(78avg)
[evalsuite it= 440] score=+0.164±0.154  auc=0.465  imbN=0.197  fair=0.945  conc=0.39  idle=0.65  ov=0.16  duty=0.08  succ=0.00  s90=379  nSync=1.6  syncGap=0.195  ownAUC=0.329  scoreOwn=+0.028
[ckpt] runs/v11_R2_20260727_155116/ckpt_best.pt
[best] new best eval/score=+0.164 at it=440 → ckpt_best.pt
[it  441/488] ep_end= 93.7%(ended= 32)  pg=-0.0073  v=0.0250  ent=0.661  kl=+0.0210  clip=12.4%  redun=0.51 stall=0% pair=0.24 sync=+0.0055(6.5/k) ownGap=0.180 sps=93(78avg)
[it  442/488] ep_end= 92.1%(ended= 29)  pg=-0.0022  v=0.0143  ent=0.617  kl=+0.0704  clip=15.7%  redun=0.49 stall=0% pair=0.24 sync=+0.0027(4.6/k) ownGap=0.164 sps=94(78avg)
[it  443/488] ep_end= 87.8%(ended= 35)  pg=-0.0018  v=0.0232  ent=0.583  kl=+0.0200  clip=12.7%  redun=0.48 stall=0% pair=0.25 sync=+0.0033(4.8/k) ownGap=0.177 sps=93(78avg)
[it  444/488] ep_end= 92.4%(ended= 30)  pg=-0.0064  v=0.0139  ent=0.616  kl=+0.0268  clip=12.0%  redun=0.45 stall=0% pair=0.25 sync=+0.0021(3.9/k) ownGap=0.193 sps=93(78avg)
[it  445/488] ep_end= 92.4%(ended= 34)  pg=-0.0044  v=0.0205  ent=0.646  kl=+0.0257  clip=13.1%  redun=0.47 stall=0% pair=0.24 sync=+0.0021(3.5/k) ownGap=0.184 sps=92(78avg)
[it  446/488] ep_end= 90.9%(ended= 32)  pg=-0.0089  v=0.0223  ent=0.658  kl=+0.0283  clip=13.1%  redun=0.52 stall=0% pair=0.24 sync=+0.0025(5.0/k) ownGap=0.166 sps=95(78avg)
[it  447/488] ep_end= 93.7%(ended= 39)  pg=-0.0044  v=0.0156  ent=0.636  kl=+0.0466  clip=13.3%  redun=0.47 stall=0% pair=0.23 sync=+0.0028(4.2/k) ownGap=0.194 sps=91(78avg)
[it  448/488] ep_end= 94.7%(ended= 34)  pg=+0.0023  v=0.0113  ent=0.617  kl=+0.0552  clip=16.2%  redun=0.45 stall=0% pair=0.24 sync=+0.0019(3.4/k) ownGap=0.196 sps=95(78avg)
[it  449/488] ep_end= 92.1%(ended= 33)  pg=+0.0118  v=0.0476  ent=0.686  kl=+0.1089  clip=22.8%  redun=0.52 stall=0% pair=0.22 sync=+0.0047(5.7/k) ownGap=0.176 sps=90(78avg)
[it  450/488] ep_end= 91.7%(ended= 33)  pg=-0.0028  v=0.0296  ent=0.699  kl=+0.0269  clip=12.8%  redun=0.55 stall=0% pair=0.21 sync=+0.0025(6.0/k) ownGap=0.165 sps=74(78avg)
[evalsuite it= 450] score=+0.179±0.131  auc=0.469  imbN=0.168  fair=0.959  conc=0.42  idle=0.62  ov=0.20  duty=0.10  succ=0.00  s90=382  nSync=1.8  syncGap=0.161  ownAUC=0.333  scoreOwn=+0.043
[ckpt] runs/v11_R2_20260727_155116/ckpt_best.pt
[best] new best eval/score=+0.179 at it=450 → ckpt_best.pt
[it  451/488] ep_end= 90.4%(ended= 29)  pg=-0.0065  v=0.0197  ent=0.701  kl=+0.0243  clip=13.0%  redun=0.55 stall=0% pair=0.22 sync=+0.0045(6.0/k) ownGap=0.151 sps=36(78avg)
[it  452/488] ep_end= 89.0%(ended= 37)  pg=-0.0069  v=0.0114  ent=0.672  kl=+0.0188  clip=10.9%  redun=0.45 stall=0% pair=0.23 sync=+0.0024(4.2/k) ownGap=0.192 sps=97(78avg)
[it  453/488] ep_end= 91.0%(ended= 29)  pg=-0.0040  v=0.0086  ent=0.660  kl=+0.0330  clip=13.7%  redun=0.46 stall=0% pair=0.25 sync=+0.0033(4.3/k) ownGap=0.183 sps=98(78avg)
[it  454/488] ep_end= 89.8%(ended= 37)  pg=-0.0050  v=0.0128  ent=0.673  kl=+0.0191  clip=12.2%  redun=0.52 stall=0% pair=0.22 sync=+0.0040(4.9/k) ownGap=0.179 sps=91(78avg)
[it  455/488] ep_end= 94.9%(ended= 32)  pg=-0.0054  v=0.0138  ent=0.664  kl=+0.0274  clip=13.0%  redun=0.50 stall=0% pair=0.23 sync=+0.0038(5.2/k) ownGap=0.168 sps=91(78avg)
[it  456/488] ep_end= 87.7%(ended= 35)  pg=+0.0067  v=0.0107  ent=0.678  kl=+0.0647  clip=17.4%  redun=0.54 stall=0% pair=0.24 sync=+0.0038(5.7/k) ownGap=0.155 sps=93(78avg)
[it  457/488] ep_end= 93.1%(ended= 32)  pg=-0.0063  v=0.0177  ent=0.695  kl=+0.0118  clip=11.0%  redun=0.50 stall=0% pair=0.25 sync=+0.0043(4.9/k) ownGap=0.175 sps=93(78avg)
[it  458/488] ep_end= 92.0%(ended= 36)  pg=-0.0077  v=0.0120  ent=0.694  kl=+0.0211  clip=11.7%  redun=0.48 stall=0% pair=0.24 sync=+0.0028(4.0/k) ownGap=0.186 sps=94(78avg)
[it  459/488] ep_end= 91.1%(ended= 36)  pg=-0.0071  v=0.0432  ent=0.640  kl=+0.0199  clip=11.5%  redun=0.48 stall=0% pair=0.23 sync=+0.0024(4.9/k) ownGap=0.190 sps=76(78avg)
[it  460/488] ep_end= 92.7%(ended= 30)  pg=+0.0130  v=0.0098  ent=0.649  kl=+0.1405  clip=20.6%  redun=0.48 stall=0% pair=0.25 sync=+0.0029(4.8/k) ownGap=0.171 sps=69(78avg)
[evalsuite it= 460] score=+0.163±0.139  auc=0.461  imbN=0.158  fair=0.963  conc=0.39  idle=0.65  ov=0.23  duty=0.11  succ=0.00  s90=382  nSync=1.8  syncGap=0.171  ownAUC=0.333  scoreOwn=+0.035
[it  461/488] ep_end= 87.3%(ended= 32)  pg=+0.0041  v=0.0089  ent=0.661  kl=+0.1673  clip=15.9%  redun=0.54 stall=0% pair=0.24 sync=+0.0030(4.2/k) ownGap=0.160 sps=59(78avg)
[it  462/488] ep_end= 90.3%(ended= 34)  pg=+0.0026  v=0.0174  ent=0.672  kl=+0.0739  clip=15.8%  redun=0.53 stall=0% pair=0.24 sync=+0.0035(4.9/k) ownGap=0.159 sps=94(78avg)
[it  463/488] ep_end= 93.9%(ended= 41)  pg=-0.0051  v=0.0115  ent=0.708  kl=+0.0345  clip=11.8%  redun=0.47 stall=0% pair=0.23 sync=+0.0026(4.2/k) ownGap=0.196 sps=95(78avg)
[it  464/488] ep_end= 96.8%(ended= 29)  pg=-0.0069  v=0.0136  ent=0.729  kl=+0.0212  clip=10.4%  redun=0.50 stall=0% pair=0.24 sync=+0.0029(4.0/k) ownGap=0.173 sps=99(78avg)
[it  465/488] ep_end= 90.9%(ended= 39)  pg=-0.0044  v=0.0216  ent=0.692  kl=+0.0219  clip=11.7%  redun=0.52 stall=0% pair=0.21 sync=+0.0029(4.5/k) ownGap=0.178 sps=90(78avg)
[it  466/488] ep_end= 93.2%(ended= 32)  pg=-0.0078  v=0.0188  ent=0.650  kl=+0.0193  clip=10.6%  redun=0.54 stall=0% pair=0.23 sync=+0.0021(4.8/k) ownGap=0.160 sps=95(78avg)
[it  467/488] ep_end= 92.0%(ended= 34)  pg=+0.0028  v=0.0112  ent=0.652  kl=+0.0616  clip=15.8%  redun=0.56 stall=0% pair=0.21 sync=+0.0032(6.1/k) ownGap=0.146 sps=77(78avg)
[it  468/488] ep_end= 88.6%(ended= 32)  pg=-0.0054  v=0.0083  ent=0.641  kl=+0.0303  clip=10.0%  redun=0.46 stall=0% pair=0.26 sync=+0.0019(2.9/k) ownGap=0.178 sps=58(78avg)
[it  469/488] ep_end= 90.8%(ended= 30)  pg=+0.0033  v=0.0109  ent=0.653  kl=+0.0731  clip=13.1%  redun=0.37 stall=0% pair=0.27 sync=+0.0025(3.3/k) ownGap=0.233 sps=97(78avg)
[it  470/488] ep_end= 94.8%(ended= 38)  pg=-0.0079  v=0.0164  ent=0.706  kl=+0.0184  clip=10.8%  redun=0.57 stall=0% pair=0.22 sync=+0.0048(6.6/k) ownGap=0.137 sps=72(78avg)
[evalsuite it= 470] score=+0.172±0.124  auc=0.468  imbN=0.178  fair=0.957  conc=0.38  idle=0.64  ov=0.19  duty=0.08  succ=0.00  s90=380  nSync=1.6  syncGap=0.205  ownAUC=0.332  scoreOwn=+0.035
[it  471/488] ep_end= 88.4%(ended= 35)  pg=+0.0028  v=0.0163  ent=0.683  kl=+0.0278  clip=13.5%  redun=0.52 stall=0% pair=0.23 sync=+0.0029(4.4/k) ownGap=0.166 sps=47(78avg)
[it  472/488] ep_end= 91.4%(ended= 32)  pg=-0.0067  v=0.0089  ent=0.639  kl=+0.0245  clip=10.2%  redun=0.50 stall=0% pair=0.22 sync=+0.0022(4.5/k) ownGap=0.178 sps=95(78avg)
[it  473/488] ep_end= 94.4%(ended= 35)  pg=-0.0029  v=0.0229  ent=0.677  kl=+0.0207  clip=11.7%  redun=0.51 stall=0% pair=0.23 sync=+0.0036(5.1/k) ownGap=0.180 sps=79(78avg)
[it  474/488] ep_end= 92.8%(ended= 37)  pg=-0.0078  v=0.0272  ent=0.651  kl=+0.0182  clip=10.3%  redun=0.54 stall=0% pair=0.21 sync=+0.0036(6.3/k) ownGap=0.152 sps=83(78avg)
[it  475/488] ep_end= 91.5%(ended= 30)  pg=-0.0040  v=0.0214  ent=0.620  kl=+0.0240  clip=13.0%  redun=0.45 stall=0% pair=0.27 sync=+0.0027(5.0/k) ownGap=0.185 sps=94(78avg)
[it  476/488] ep_end= 93.8%(ended= 41)  pg=-0.0051  v=0.0144  ent=0.639  kl=+0.0324  clip=12.6%  redun=0.42 stall=0% pair=0.25 sync=+0.0021(4.3/k) ownGap=0.205 sps=54(78avg)
[it  477/488] ep_end= 91.8%(ended= 28)  pg=-0.0072  v=0.0137  ent=0.664  kl=+0.0224  clip=12.2%  redun=0.45 stall=0% pair=0.24 sync=+0.0033(4.6/k) ownGap=0.194 sps=91(78avg)
[it  478/488] ep_end= 88.6%(ended= 34)  pg=-0.0011  v=0.0168  ent=0.651  kl=+0.0579  clip=15.4%  redun=0.51 stall=0% pair=0.26 sync=+0.0019(5.1/k) ownGap=0.167 sps=93(78avg)
[it  479/488] ep_end= 89.8%(ended= 36)  pg=-0.0036  v=0.0124  ent=0.665  kl=+0.0280  clip=12.2%  redun=0.46 stall=0% pair=0.24 sync=+0.0037(4.4/k) ownGap=0.192 sps=91(78avg)
[it  480/488] ep_end= 92.8%(ended= 33)  pg=+0.0316  v=0.0258  ent=0.716  kl=+0.1403  clip=24.9%  redun=0.42 stall=0% pair=0.25 sync=+0.0041(4.3/k) ownGap=0.200 sps=95(78avg)
[evalsuite it= 480] score=+0.162±0.117  auc=0.456  imbN=0.173  fair=0.957  conc=0.36  idle=0.65  ov=0.18  duty=0.09  succ=0.00  s90=381  nSync=1.6  syncGap=0.167  ownAUC=0.332  scoreOwn=+0.038
[it  481/488] ep_end= 90.6%(ended= 37)  pg=-0.0055  v=0.0233  ent=0.694  kl=+0.0159  clip=10.6%  redun=0.52 stall=0% pair=0.24 sync=+0.0019(5.1/k) ownGap=0.159 sps=89(78avg)
[it  482/488] ep_end= 94.1%(ended= 35)  pg=-0.0075  v=0.0100  ent=0.681  kl=+0.0175  clip=9.5%  redun=0.42 stall=0% pair=0.23 sync=+0.0026(4.6/k) ownGap=0.211 sps=93(78avg)
[it  483/488] ep_end= 94.5%(ended= 35)  pg=-0.0084  v=0.0113  ent=0.653  kl=+0.0177  clip=10.1%  redun=0.48 stall=0% pair=0.24 sync=+0.0046(5.4/k) ownGap=0.178 sps=97(78avg)
[it  484/488] ep_end= 94.1%(ended= 38)  pg=-0.0032  v=0.0086  ent=0.655  kl=+0.0283  clip=12.4%  redun=0.47 stall=0% pair=0.24 sync=+0.0032(4.4/k) ownGap=0.191 sps=95(78avg)
[it  485/488] ep_end= 95.8%(ended= 34)  pg=-0.0078  v=0.0099  ent=0.658  kl=+0.0242  clip=11.6%  redun=0.53 stall=0% pair=0.22 sync=+0.0035(5.9/k) ownGap=0.156 sps=91(78avg)
[it  486/488] ep_end= 88.2%(ended= 39)  pg=-0.0080  v=0.0087  ent=0.670  kl=+0.0273  clip=12.5%  redun=0.57 stall=0% pair=0.23 sync=+0.0027(6.1/k) ownGap=0.142 sps=79(78avg)
[it  487/488] ep_end= 92.4%(ended= 34)  pg=-0.0021  v=0.0088  ent=0.599  kl=+0.0324  clip=12.3%  redun=0.47 stall=0% pair=0.25 sync=+0.0027(4.3/k) ownGap=0.176 sps=57(78avg)
[it  488/488] ep_end= 92.7%(ended= 38)  pg=-0.0046  v=0.0100  ent=0.649  kl=+0.0338  clip=11.9%  redun=0.42 stall=0% pair=0.26 sync=+0.0019(2.9/k) ownGap=0.208 sps=95(78avg)
[evalsuite it= 488] score=+0.103±0.159  auc=0.454  imbN=0.252  fair=0.925  conc=0.35  idle=0.68  ov=0.21  duty=0.09  succ=0.00  s90=380  nSync=2.0  syncGap=0.137  ownAUC=0.341  scoreOwn=-0.010
[ckpt] runs/v11_R2_20260727_155116/ckpt_100.pt
[eval] runs/v11_R2_20260727_155116/eval_ckpt_100_m0.gif  map=87  final_explored=67.6%  frames=512
[trace] ckpt_100_m0  steps=512  explored=0.6761  → runs/v11_R2_20260727_155116/traces/ckpt_100_m0
[eval] runs/v11_R2_20260727_155116/eval_ckpt_100_m1.gif  map=406  final_explored=88.8%  frames=512
[trace] ckpt_100_m1  steps=512  explored=0.8882  → runs/v11_R2_20260727_155116/traces/ckpt_100_m1
[done] runs/v11_R2_20260727_155116/final.pt
R2_DONE final=runs/v11_R2_20260727_155116/final.pt
############ BEST-CKPT EVAL (test/complex, 512 steps, 32 maps) ############
Warp 1.14.0 initialized:
   CUDA Toolkit 12.9, Driver 13.2
   Devices:
     "cpu"      : "x86_64"
     "cuda:0"   : "NVIDIA GeForce RTX 4080 Laptop GPU" (12 GiB, sm_89, mempool enabled)
   Kernel cache:
     /root/.cache/warp/1.14.0
Module env.world_warp e132c61 load on device 'cuda:0' took 0.76 ms  (cached)
[eval_best] run=v11_R2_20260727_155116 split=test/complex maps=32 steps=512 agents=2 mode=batched ckpts=['ckpt_020.pt', 'ckpt_040.pt', 'ckpt_060.pt', 'ckpt_080.pt', 'ckpt_100.pt', 'final.pt']
ckpt                score    ±std    auc   succ   idle   imbN  ownAUC syncGap  nSync   duty  maxGap  scoreOwn
[ckpt] arch: n_layers=6 d=128 n_heads=4 n_agents=2 use_gru=False (detected layers=6, d=128)
ckpt_020.pt        +0.013   0.196  0.435   0.00   0.80  0.348   0.310   0.174    2.7   0.10     307    -0.111
[ckpt] arch: n_layers=6 d=128 n_heads=4 n_agents=2 use_gru=False (detected layers=6, d=128)
ckpt_040.pt        +0.149   0.217  0.547   0.12   0.76  0.340   0.380   0.163    2.2   0.06     360    -0.018
[ckpt] arch: n_layers=6 d=128 n_heads=4 n_agents=2 use_gru=False (detected layers=6, d=128)
ckpt_060.pt        +0.213   0.169  0.541   0.09   0.71  0.192   0.406   0.111    2.4   0.12     324    +0.078
[ckpt] arch: n_layers=6 d=128 n_heads=4 n_agents=2 use_gru=False (detected layers=6, d=128)
ckpt_080.pt        +0.236   0.171  0.556   0.12   0.70  0.214   0.404   0.149    2.2   0.06     328    +0.085
[ckpt] arch: n_layers=6 d=128 n_heads=4 n_agents=2 use_gru=False (detected layers=6, d=128)
ckpt_100.pt        +0.207   0.164  0.546   0.06   0.71  0.232   0.422   0.118    2.7   0.07     302    +0.084
[ckpt] arch: n_layers=6 d=128 n_heads=4 n_agents=2 use_gru=False (detected layers=6, d=128)
final.pt           +0.169   0.157  0.548   0.09   0.73  0.295   0.420   0.108    2.8   0.08     312    +0.041

[eval_best] WINNER: ckpt_080.pt  score=+0.236
[eval_best] copied ckpt_080.pt → runs/v11_R2_20260727_155116/ckpt_best.pt
PIPELINE_DONE best=runs/v11_R2_20260727_155116/ckpt_best.pt

===================================================================================
Send back the last eval_best table row. BASELINE measured with the SAME command on
v10 ckpt_best (test/complex, 512 steps, 32 maps):

  ckpt      score   ±std    auc  succ  idle   imbN  ownAUC syncGap nSync duty maxGap scoreOwn
  v10      +0.283  0.213  0.605  0.31  0.67  0.214   0.442   0.087   2.6 0.10    327   +0.120

What decides R2:
  nSync   >= 5      (baseline 2.6)   — did they start meeting ON PURPOSE?
  syncGap <= 0.045  (baseline 0.087) — map the weakest robot still lacks; halve it
  ownAUC  >= 0.50   (baseline 0.442) — the real payoff: what each robot comes home with
  auc     >= 0.585  (baseline 0.605) — exploration must not regress more than 2pp
  duty    <= 0.11   (baseline 0.10)  — HARD GATE. If comm duty climbs they tethered:
                                       raise --sync-min-gap to 64 and rerun

If reward/revisit p95 in train.log still dominates the return, rerun with
  --revisit-streak-cap 4.0   appended to COMMON (flag exists, off by default).
===================================================================================
